id,AOI_Name,AOI_Description,Date_Created,Date_Updated,row_number,locode,type,parent_id,region_id,level_id,shape_nbr,AOI_GeoJson_Polygon,geometry
7172,CNSTG anchorage 2, locode: CNSTG FID: 7172,10/21/2020,10/21/2020,,CNSTG,ANC,0,9,1,2,"{'type': 'Polygon', 'coordinates': [[[116.6388819814501, 23.334541723983723], [116.63796108951342, 23.34172887548761], [116.60526942576166, 23.351029317583954], [116.59928362817332, 23.342997155960397], [116.62184548062173, 23.334964508368877], [116.6388819814501, 23.334541723983723]]]}","POLYGON(( 116.6388819814501 23.334541723983723, 116.63796108951342 23.34172887548761, 116.60526942576166 23.351029317583954, 116.59928362817332 23.342997155960397, 116.62184548062173 23.334964508368877, 116.6388819814501 23.334541723983723))"
4489,HKHKG anchorage 3, locode: HKHKG FID: 4489,10/21/2020,10/21/2020,,HKHKG,ANC,0,9,1,3,"{'type': 'Polygon', 'coordinates': [[[114.0821810951901, 22.267055352712365], [114.09921723596835, 22.285069702328926], [114.07430306247753, 22.343421429589196], [114.05538405476487, 22.324118867928078], [114.05573219184585, 22.294159071605247], [114.06577026819004, 22.261539346930906], [114.0821810951901, 22.267055352712365]]]}","POLYGON(( 114.0821810951901 22.267055352712365, 114.09921723596835 22.285069702328926, 114.07430306247753 22.343421429589196, 114.05538405476487 22.324118867928078, 114.05573219184585 22.294159071605247, 114.06577026819004 22.261539346930906, 114.0821810951901 22.267055352712365))"
4487,HKHKG anchorage 1, locode: HKHKG FID: 4487,10/21/2020,10/21/2020,,HKHKG,ANC,0,9,1,1,"{'type': 'Polygon', 'coordinates': [[[114.158453651382, 22.301863584794848], [114.15759014476319, 22.320856907323762], [114.14699075657299, 22.32035018849769], [114.14183577887302, 22.30749009463948], [114.10831528260422, 22.316664599815834], [114.10006677596328, 22.3071534339038], [114.12330475349083, 22.291198625370107], [114.13855350508922, 22.294301358279455], [114.158453651382, 22.301863584794848]]]}","POLYGON(( 114.158453651382 22.301863584794848, 114.15759014476319 22.320856907323762, 114.14699075657299 22.32035018849769, 114.14183577887302 22.30749009463948, 114.10831528260422 22.316664599815834, 114.10006677596328 22.3071534339038, 114.12330475349083 22.291198625370107, 114.13855350508922 22.294301358279455, 114.158453651382 22.301863584794848))"
7140,CNCWN anchorage 1, locode: CNCWN FID: 7140,10/21/2020,10/21/2020,,CNCWN,ANC,0,9,1,1,"{'type': 'Polygon', 'coordinates': [[[113.85403282028098, 22.492769753651014], [113.84781679970845, 22.49064264311156], [113.84712613075595, 22.47362458196238], [113.85357237431265, 22.450646882369135], [113.87083909812516, 22.45554060061203], [113.86232084771099, 22.480219328900564], [113.85403282028098, 22.492769753651014]]]}","POLYGON(( 113.85403282028098 22.492769753651014, 113.84781679970845 22.49064264311156, 113.84712613075595 22.47362458196238, 113.85357237431265 22.450646882369135, 113.87083909812516 22.45554060061203, 113.86232084771099 22.480219328900564, 113.85403282028098 22.492769753651014))"
4495,HKHKG anchorage 8, locode: HKHKG FID: 4495,10/21/2020,10/21/2020,,HKHKG,ANC,0,9,1,8,"{'type': 'Polygon', 'coordinates': [[[113.78022635441681, 22.08199466889058], [113.74026167543003, 22.101222543880155], [113.60865830877339, 21.951669765342128], [113.64638853025332, 21.91407366222145], [113.78022635441681, 22.08199466889058]]]}","POLYGON(( 113.78022635441681 22.08199466889058, 113.74026167543003 22.101222543880155, 113.60865830877339 21.951669765342128, 113.64638853025332 21.91407366222145, 113.78022635441681 22.08199466889058))"
7138,HKHKG anchorage 10, locode: HKHKG FID: 7138,10/21/2020,10/21/2020,,HKHKG,ANC,0,9,1,10,"{'type': 'Polygon', 'coordinates': [[[114.1768054440834, 22.285436055698707], [114.1894677082126, 22.28980303568418], [114.19718017818221, 22.2968325217471], [114.21110866872432, 22.296299997303525], [114.25864971495484, 22.274571269801527], [114.26498084701946, 22.289270484453642], [114.22365582136143, 22.304287650832915], [114.21433179050267, 22.300453634136726], [114.20454731367556, 22.310251467615593], [114.19902196205554, 22.308760537297115], [114.19683484370597, 22.30024063012365], [114.1755392176705, 22.288737931194053], [114.1768054440834, 22.285436055698707]]]}","POLYGON(( 114.1768054440834 22.285436055698707, 114.1894677082126 22.28980303568418, 114.19718017818221 22.2968325217471, 114.21110866872432 22.296299997303525, 114.25864971495484 22.274571269801527, 114.26498084701946 22.289270484453642, 114.22365582136143 22.304287650832915, 114.21433179050267 22.300453634136726, 114.20454731367556 22.310251467615593, 114.19902196205554 22.308760537297115, 114.19683484370597 22.30024063012365, 114.1755392176705 22.288737931194053, 114.1768054440834 22.285436055698707))"
4458,CNSTG anchorage 1, locode: CNSTG FID: 4458,10/21/2020,10/21/2020,,CNSTG,ANC,0,9,1,1,"{'type': 'Polygon', 'coordinates': [[[117.1127376838671, 23.414870870417815], [116.96420841807665, 23.420624201137226], [116.79740070491324, 23.312132624096165], [116.80915770804262, 23.20070290692668], [116.7648906710001, 23.15254402200003], [116.62718268255358, 23.151358086778163], [116.5763179747552, 22.98430150737888], [116.37478629742105, 22.919305117959965], [116.48544496129269, 22.698605721578236], [117.13587421852884, 23.054488170948023], [117.1127376838671, 23.414870870417815]]]}","POLYGON(( 117.1127376838671 23.414870870417815, 116.96420841807665 23.420624201137226, 116.79740070491324 23.312132624096165, 116.80915770804262 23.20070290692668, 116.7648906710001 23.15254402200003, 116.62718268255358 23.151358086778163, 116.5763179747552 22.98430150737888, 116.37478629742105 22.919305117959965, 116.48544496129269 22.698605721578236, 117.13587421852884 23.054488170948023, 117.1127376838671 23.414870870417815))"
7158,HKHKC anchorage 1, locode: HKHKC FID: 7158,10/21/2020,10/21/2020,,HKHKC,ANC,0,9,1,1,"{'type': 'Polygon', 'coordinates': [[[114.09999730099082, 22.365228379094148], [114.1105587803895, 22.36293963207452], [114.11156600594524, 22.364429983243305], [114.10805510543668, 22.369566249876318], [114.10431398194395, 22.372360512242697], [114.09786773838728, 22.36807595368163], [114.09999730099082, 22.365228379094148]]]}","POLYGON(( 114.09999730099082 22.365228379094148, 114.1105587803895 22.36293963207452, 114.11156600594524 22.364429983243305, 114.10805510543668 22.369566249876318, 114.10431398194395 22.372360512242697, 114.09786773838728 22.36807595368163, 114.09999730099082 22.365228379094148))"
7168,CNNSA anchorage 3, locode: CNNSA FID: 7168,10/21/2020,10/21/2020,,CNNSA,ANC,0,9,1,3,"{'type': 'Polygon', 'coordinates': [[[113.55308821316521, 22.739739937622886], [113.57438383920066, 22.72137234949163], [113.58002430231276, 22.723177366276627], [113.57680118053443, 22.733263786371854], [113.55677178091187, 22.743349462549997], [113.55308821316521, 22.739739937622886]]]}","POLYGON(( 113.55308821316521 22.739739937622886, 113.57438383920066 22.72137234949163, 113.58002430231276 22.723177366276627, 113.57680118053443 22.733263786371854, 113.55677178091187 22.743349462549997, 113.55308821316521 22.739739937622886))"
4490,HKHKG anchorage 4, locode: HKHKG FID: 4490,10/21/2020,10/21/2020,,HKHKG,ANC,0,9,1,4,"{'type': 'Polygon', 'coordinates': [[[114.6624180188835, 21.9030332970429], [114.68299238542619, 22.11100876925051], [114.50234211825017, 22.151195790762866], [114.33507047986329, 22.077748067572916], [114.16086579414086, 21.944071927948443], [114.41517719595632, 21.811982529298728], [114.6624180188835, 21.9030332970429]]]}","POLYGON(( 114.6624180188835 21.9030332970429, 114.68299238542619 22.11100876925051, 114.50234211825017 22.151195790762866, 114.33507047986329 22.077748067572916, 114.16086579414086 21.944071927948443, 114.41517719595632 21.811982529298728, 114.6624180188835 21.9030332970429))"
7150,CNZHA anchorage 1, locode: CNZHA FID: 7150,10/21/2020,10/21/2020,,CNZHA,ANC,0,9,1,1,"{'type': 'Polygon', 'coordinates': [[[110.44447410019154, 21.08799988284066], [110.46222962126349, 21.100222656862666], [110.4259838081587, 21.18310727752141], [110.4204584565387, 21.186112583638756], [110.411249537172, 21.150903736798597], [110.41309132104533, 21.13930874703121], [110.41953756460201, 21.125135860701334], [110.44447410019154, 21.08799988284066]]]}","POLYGON(( 110.44447410019154 21.08799988284066, 110.46222962126349 21.100222656862666, 110.4259838081587 21.18310727752141, 110.4204584565387 21.186112583638756, 110.411249537172 21.150903736798597, 110.41309132104533 21.13930874703121, 110.41953756460201 21.125135860701334, 110.44447410019154 21.08799988284066))"
4434,CNSDG anchorage 2, locode: CNSDG FID: 4434,10/21/2020,10/21/2020,,CNSDG,ANC,0,9,1,2,"{'type': 'Polygon', 'coordinates': [[[110.97061453801832, 21.39994797594657], [111.00641304986544, 21.24820636241352], [111.27305152769597, 21.311664629874567], [111.18668366095667, 21.448736130708006], [110.97061453801832, 21.39994797594657]]]}","POLYGON(( 110.97061453801832 21.39994797594657, 111.00641304986544 21.24820636241352, 111.27305152769597 21.311664629874567, 111.18668366095667 21.448736130708006, 110.97061453801832 21.39994797594657))"
7174,CNZEL anchorage 1, locode: CNZEL FID: 7174,10/21/2020,10/21/2020,,CNZEL,ANC,0,9,1,1,"{'type': 'Polygon', 'coordinates': [[[117.05124012396658, 23.545449056207467], [117.06505350301661, 23.51125363428837], [117.35145089532061, 23.466068291186144], [117.42696403412744, 23.577947572350123], [117.20226640158026, 23.579635587269287], [117.08945713933834, 23.53531800579138], [117.07656465222497, 23.555579326081798], [117.05124012396658, 23.545449056207467]]]}","POLYGON(( 117.05124012396658 23.545449056207467, 117.06505350301661 23.51125363428837, 117.35145089532061 23.466068291186144, 117.42696403412744 23.577947572350123, 117.20226640158026 23.579635587269287, 117.08945713933834 23.53531800579138, 117.07656465222497 23.555579326081798, 117.05124012396658 23.545449056207467))"
7152,CNSDG anchorage 1, locode: CNSDG FID: 7152,10/21/2020,10/21/2020,,CNSDG,ANC,0,9,1,1,"{'type': 'Polygon', 'coordinates': [[[111.07040671871574, 21.481807940018438], [111.07357228474805, 21.48470002019166], [111.06102513211094, 21.496589079399747], [111.05785956607865, 21.491126659299916], [111.07040671871574, 21.481807940018438]]]}","POLYGON(( 111.07040671871574 21.481807940018438, 111.07357228474805 21.48470002019166, 111.06102513211094 21.496589079399747, 111.05785956607865 21.491126659299916, 111.07040671871574 21.481807940018438))"
7141,MOMFM anchorage 1, locode: MOMFM FID: 7141,10/21/2020,10/21/2020,,MOMFM,ANC,0,9,1,1,"{'type': 'Polygon', 'coordinates': [[[113.65632883262737, 22.043388873682762], [113.68763915847411, 22.12957362415555], [113.67474667136075, 22.20035928430555], [113.6112051277306, 22.214000614602863], [113.59923353255391, 22.15942734263376], [113.60936334385725, 22.128720567770294], [113.6084424519206, 22.0476566825709], [113.65632883262737, 22.043388873682762]]]}","POLYGON(( 113.65632883262737 22.043388873682762, 113.68763915847411 22.12957362415555, 113.67474667136075 22.20035928430555, 113.6112051277306 22.214000614602863, 113.59923353255391 22.15942734263376, 113.60936334385725 22.128720567770294, 113.6084424519206 22.0476566825709, 113.65632883262737 22.043388873682762))"
4492,HKHKG anchorage 6, locode: HKHKG FID: 4492,10/21/2020,10/21/2020,,HKHKG,ANC,0,9,1,6,"{'type': 'Polygon', 'coordinates': [[[114.36439752973338, 22.107933836322044], [113.97376262969674, 22.14030145168588], [113.95010292220337, 22.085235223831873], [114.03898429900005, 22.05297660800005], [114.07834944667643, 21.985221815627185], [114.28942221163088, 22.055430520134614], [114.36439752973338, 22.107933836322044]]]}","POLYGON(( 114.36439752973338 22.107933836322044, 113.97376262969674 22.14030145168588, 113.95010292220337 22.085235223831873, 114.03898429900005 22.05297660800005, 114.07834944667643 21.985221815627185, 114.28942221163088 22.055430520134614, 114.36439752973338 22.107933836322044))"
7166,CNCAN anchorage 3, locode: CNCAN FID: 7166,10/21/2020,10/21/2020,,CNCAN,ANC,0,9,1,3,"{'type': 'Polygon', 'coordinates': [[[113.55435443957809, 22.920735323935975], [113.56103090611896, 22.901967987508176], [113.56218202103979, 22.883516209860808], [113.55803800732478, 22.86760749161412], [113.56494469684979, 22.866334713651764], [113.56862826459647, 22.885106979171912], [113.56724692669145, 22.902710247892486], [113.56183668656354, 22.922749742335384], [113.55435443957809, 22.920735323935975]]]}","POLYGON(( 113.55435443957809 22.920735323935975, 113.56103090611896 22.901967987508176, 113.56218202103979 22.883516209860808, 113.55803800732478 22.86760749161412, 113.56494469684979 22.866334713651764, 113.56862826459647 22.885106979171912, 113.56724692669145 22.902710247892486, 113.56183668656354 22.922749742335384, 113.55435443957809 22.920735323935975))"
7151,CNZNG anchorage 1, locode: CNZNG FID: 7151,10/21/2020,10/21/2020,,CNZNG,ANC,0,9,1,1,"{'type': 'Polygon', 'coordinates': [[[110.50957535859982, 21.082491998877586], [110.57828746894326, 21.06374166252404], [110.58775548760924, 21.085243502875482], [110.4982479677597, 21.108494160954653], [110.49053418523032, 21.08356127329572], [110.50957535859982, 21.082491998877586]]]}","POLYGON(( 110.50957535859982 21.082491998877586, 110.57828746894326 21.06374166252404, 110.58775548760924 21.085243502875482, 110.4982479677597 21.108494160954653, 110.49053418523032 21.08356127329572, 110.50957535859982 21.082491998877586))"
4425,CNJMN anchorage 1, locode: CNJMN FID: 4425,10/21/2020,10/21/2020,,CNJMN,ANC,0,9,1,1,"{'type': 'Polygon', 'coordinates': [[[113.41089057900001, 21.781568527000047], [113.31087136138001, 21.873607291853972], [113.22370635821666, 21.876777429797592], [113.17592841995196, 21.91466096222904], [113.05377110136297, 21.8301636469298], [113.22405109952317, 21.646224474346653], [113.41089057900001, 21.781568527000047]]]}","POLYGON(( 113.41089057900001 21.781568527000047, 113.31087136138001 21.873607291853972, 113.22370635821666 21.876777429797592, 113.17592841995196 21.91466096222904, 113.05377110136297 21.8301636469298, 113.22405109952317 21.646224474346653, 113.41089057900001 21.781568527000047))"
7160,CNZSN anchorage 1, locode: CNZSN FID: 7160,10/21/2020,10/21/2020,,CNZSN,ANC,0,9,1,1,"{'type': 'Polygon', 'coordinates': [[[113.76674953140892, 22.397439831452086], [113.76168462575724, 22.424257057747315], [113.66084695869202, 22.46979222454171], [113.64924446617088, 22.45632424199927], [113.66930083916034, 22.417368592862065], [113.61756503766858, 22.385519403190813], [113.6258530650986, 22.35230711059961], [113.76674953140892, 22.397439831452086]]]}","POLYGON(( 113.76674953140892 22.397439831452086, 113.76168462575724 22.424257057747315, 113.66084695869202 22.46979222454171, 113.64924446617088 22.45632424199927, 113.66930083916034 22.417368592862065, 113.61756503766858 22.385519403190813, 113.6258530650986 22.35230711059961, 113.76674953140892 22.397439831452086))"
7139,CNMWN anchorage 1, locode: CNMWN FID: 7139,10/21/2020,10/21/2020,,CNMWN,ANC,0,9,1,1,"{'type': 'Polygon', 'coordinates': [[[113.81857848071924, 22.497874685533592], [113.82456427830758, 22.473411842961607], [113.83952877227843, 22.475326482204842], [113.83147096783259, 22.499150889072176], [113.81857848071924, 22.497874685533592]]]}","POLYGON(( 113.81857848071924 22.497874685533592, 113.82456427830758 22.473411842961607, 113.83952877227843 22.475326482204842, 113.83147096783259 22.499150889072176, 113.81857848071924 22.497874685533592))"
4486,CNZUH anchorage 1, locode: CNZUH FID: 4486,10/21/2020,10/21/2020,,CNZUH,ANC,0,9,1,1,"{'type': 'Polygon', 'coordinates': [[[113.85578346300008, 22.265321732000075], [113.85885048497343, 22.329699525668445], [113.82645124163005, 22.32228423324796], [113.7805919650001, 22.212163925000027], [113.80800437900007, 22.185766220000062], [113.85578346300008, 22.265321732000075]]]}","POLYGON(( 113.85578346300008 22.265321732000075, 113.85885048497343 22.329699525668445, 113.82645124163005 22.32228423324796, 113.7805919650001 22.212163925000027, 113.80800437900007 22.185766220000062, 113.85578346300008 22.265321732000075))"
7157,HKABD anchorage 1, locode: HKABD FID: 7157,10/21/2020,10/21/2020,,HKABD,ANC,0,9,1,1,"{'type': 'Polygon', 'coordinates': [[[114.13427174775873, 22.245497826969277], [114.14486200503043, 22.24176874528113], [114.14543756249084, 22.249652972486462], [114.13691931207667, 22.250398754787543], [114.13427174775873, 22.245497826969277]]]}","POLYGON(( 114.13427174775873 22.245497826969277, 114.14486200503043 22.24176874528113, 114.14543756249084 22.249652972486462, 114.13691931207667 22.250398754787543, 114.13427174775873 22.245497826969277))"
7162,CNNSA anchorage 2, locode: CNNSA FID: 7162,10/21/2020,10/21/2020,,CNNSA,ANC,0,9,1,2,"{'type': 'Polygon', 'coordinates': [[[113.56541953175473, 22.8413275117444], [113.57048443740642, 22.843237026120118], [113.56933332248559, 22.85575428537608], [113.55402349403847, 22.86498237400179], [113.55137592972054, 22.862436757052496], [113.56541953175473, 22.8413275117444]]]}","POLYGON(( 113.56541953175473 22.8413275117444, 113.57048443740642 22.843237026120118, 113.56933332248559 22.85575428537608, 113.55402349403847 22.86498237400179, 113.55137592972054 22.862436757052496, 113.56541953175473 22.8413275117444))"
4473,CNYJI anchorage 1, locode: CNYJI FID: 4473,10/21/2020,10/21/2020,,CNYJI,ANC,0,9,1,1,"{'type': 'Polygon', 'coordinates': [[[111.80847790220082, 21.572138322670703], [111.8189692514437, 21.591428967260548], [111.80932356082019, 21.60500777461964], [111.65443573507828, 21.46606300678129], [111.65893465268216, 21.4130490175841], [111.84279976980764, 21.370821856145334], [111.9440260054402, 21.501447762750605], [111.80847790220082, 21.572138322670703]]]}","POLYGON(( 111.80847790220082 21.572138322670703, 111.8189692514437 21.591428967260548, 111.80932356082019 21.60500777461964, 111.65443573507828 21.46606300678129, 111.65893465268216 21.4130490175841, 111.84279976980764 21.370821856145334, 111.9440260054402 21.501447762750605, 111.80847790220082 21.572138322670703))"
4417,CNDGG anchorage 1, locode: CNDGG FID: 4417,10/21/2020,10/21/2020,,CNDGG,ANC,0,9,1,1,"{'type': 'Polygon', 'coordinates': [[[113.6559984987942, 22.742276104174056], [113.65608656543009, 22.759518260307818], [113.6288445597151, 22.790597186603186], [113.61504554700002, 22.781942368000045], [113.62803501887171, 22.749440294228492], [113.64863252674677, 22.737276257790313], [113.6559984987942, 22.742276104174056]]]}","POLYGON(( 113.6559984987942 22.742276104174056, 113.65608656543009 22.759518260307818, 113.6288445597151 22.790597186603186, 113.61504554700002 22.781942368000045, 113.62803501887171 22.749440294228492, 113.64863252674677 22.737276257790313, 113.6559984987942 22.742276104174056))"
7155,CNGJG anchorage 1, locode: CNGJG FID: 7155,10/21/2020,10/21/2020,,CNGJG,ANC,0,9,1,1,"{'type': 'Polygon', 'coordinates': [[[113.10580812173791, 22.048616921829094], [113.11962150078794, 22.174884815146743], [113.09061340478289, 22.18085414276193], [113.07219556604949, 22.05075076351149], [113.10580812173791, 22.048616921829094]]]}","POLYGON(( 113.10580812173791 22.048616921829094, 113.11962150078794 22.174884815146743, 113.09061340478289 22.18085414276193, 113.07219556604949 22.05075076351149, 113.10580812173791 22.048616921829094))"
7173,CNSTG anchorage 3, locode: CNSTG FID: 7173,10/21/2020,10/21/2020,,CNSTG,ANC,0,9,1,3,"{'type': 'Polygon', 'coordinates': [[[116.71508578920943, 23.351452049468403], [116.68527191275977, 23.35388273167204], [116.65983227300929, 23.34923269205303], [116.6605229419618, 23.345427993001508], [116.68066745307644, 23.34944406102487], [116.71485556622527, 23.3473303561592], [116.71508578920943, 23.351452049468403]]]}","POLYGON(( 116.71508578920943 23.351452049468403, 116.68527191275977 23.35388273167204, 116.65983227300929 23.34923269205303, 116.6605229419618 23.345427993001508, 116.68066745307644 23.34944406102487, 116.71485556622527 23.3473303561592, 116.71508578920943 23.351452049468403))"
7167,CNCAN anchorage 4, locode: CNCAN FID: 7167,10/21/2020,10/21/2020,,CNCAN,ANC,0,9,1,4,"{'type': 'Polygon', 'coordinates': [[[113.59211100898148, 22.914320792171843], [113.58998144637793, 22.915699146921032], [113.58336253558313, 22.90541416208008], [113.57167871913664, 22.896984134012655], [113.57484428516894, 22.894120986428916], [113.58595254415502, 22.903611558611942], [113.59211100898148, 22.914320792171843]]]}","POLYGON(( 113.59211100898148 22.914320792171843, 113.58998144637793 22.915699146921032, 113.58336253558313 22.90541416208008, 113.57167871913664 22.896984134012655, 113.57484428516894 22.894120986428916, 113.58595254415502 22.903611558611942, 113.59211100898148 22.914320792171843))"
4475,CNYTN anchorage 1, locode: CNYTN FID: 4475,10/21/2020,10/21/2020,,CNYTN,ANC,0,9,1,1,"{'type': 'Polygon', 'coordinates': [[[114.81436001907663, 22.149661211031507], [114.76320980233322, 22.384538641541678], [114.66100178949658, 22.384824088987667], [114.58878135700002, 22.471952438000073], [114.46637068426985, 22.411673746698305], [114.40891844726714, 22.260325377816578], [114.69470621132686, 22.12637014599489], [114.81436001907663, 22.149661211031507]]]}","POLYGON(( 114.81436001907663 22.149661211031507, 114.76320980233322 22.384538641541678, 114.66100178949658 22.384824088987667, 114.58878135700002 22.471952438000073, 114.46637068426985 22.411673746698305, 114.40891844726714 22.260325377816578, 114.69470621132686 22.12637014599489, 114.81436001907663 22.149661211031507))"
4478,CNZHA anchorage 2, locode: CNZHA FID: 4478,10/21/2020,10/21/2020,,CNZHA,ANC,0,9,1,2,"{'type': 'Polygon', 'coordinates': [[[111.44040392715807, 21.035404266684818], [110.67430676901294, 21.180339766619667], [110.54143853884865, 20.734074901050242], [111.36506769576515, 20.57033051149247], [111.44040392715807, 21.035404266684818]]]}","POLYGON(( 111.44040392715807 21.035404266684818, 110.67430676901294 21.180339766619667, 110.54143853884865 20.734074901050242, 111.36506769576515 20.57033051149247, 111.44040392715807 21.035404266684818))"
7156,CNHUI anchorage 1, locode: CNHUI FID: 7156,10/21/2020,10/21/2020,,CNHUI,ANC,0,9,1,1,"{'type': 'Polygon', 'coordinates': [[[114.69877850493668, 22.406179942495445], [114.7687662921235, 22.409585377293723], [114.79547215828691, 22.34742306469674], [114.90229562294051, 22.356791764924804], [114.84427943093036, 22.512560284607222], [114.68742618858266, 22.60712744818099], [114.65335318692591, 22.59692325915044], [114.65918015165995, 22.48873818671623], [114.69877850493668, 22.406179942495445]]]}","POLYGON(( 114.69877850493668 22.406179942495445, 114.7687662921235 22.409585377293723, 114.79547215828691 22.34742306469674, 114.90229562294051 22.356791764924804, 114.84427943093036 22.512560284607222, 114.68742618858266 22.60712744818099, 114.65335318692591 22.59692325915044, 114.65918015165995 22.48873818671623, 114.69877850493668 22.406179942495445))"
7154,CNGHI anchorage 1, locode: CNGHI FID: 7154,10/21/2020,10/21/2020,,CNGHI,ANC,0,9,1,1,"{'type': 'Polygon', 'coordinates': [[[113.01740249581776, 21.698233223772718], [112.95662362799762, 21.74015353510727], [112.67390980344031, 21.609219072912747], [112.66424043810528, 21.527003509759766], [112.81066225603561, 21.488448927491582], [113.01740249581776, 21.698233223772718]]]}","POLYGON(( 113.01740249581776 21.698233223772718, 112.95662362799762 21.74015353510727, 112.67390980344031 21.609219072912747, 112.66424043810528 21.527003509759766, 112.81066225603561 21.488448927491582, 113.01740249581776 21.698233223772718))"
4476,CNYTN anchorage 2, locode: CNYTN FID: 4476,10/21/2020,10/21/2020,,CNYTN,ANC,0,9,1,2,"{'type': 'Polygon', 'coordinates': [[[114.42397612303168, 22.58925242191979], [114.40842297617425, 22.603033167509725], [114.37749782061748, 22.594209816386677], [114.35978147395254, 22.59982048079606], [114.31722557220334, 22.5725786018805], [114.37707168618182, 22.514600860610958], [114.41840667623198, 22.556026923347552], [114.42397612303168, 22.58925242191979]]]}","POLYGON(( 114.42397612303168 22.58925242191979, 114.40842297617425 22.603033167509725, 114.37749782061748 22.594209816386677, 114.35978147395254 22.59982048079606, 114.31722557220334 22.5725786018805, 114.37707168618182 22.514600860610958, 114.41840667623198 22.556026923347552, 114.42397612303168 22.58925242191979))"
4494,HKHKG anchorage 7, locode: HKHKG FID: 4494,10/21/2020,10/21/2020,,HKHKG,ANC,0,9,1,7,"{'type': 'Polygon', 'coordinates': [[[113.92682242462, 22.058879681384884], [113.92391395600009, 22.1100074991267], [113.79127908235338, 22.155303383103316], [113.7514216901267, 22.14265749684607], [113.75820881226828, 22.10359263235295], [113.86277198800008, 22.044430476798993], [113.92682242462, 22.058879681384884]]]}","POLYGON(( 113.92682242462 22.058879681384884, 113.92391395600009 22.1100074991267, 113.79127908235338 22.155303383103316, 113.7514216901267 22.14265749684607, 113.75820881226828 22.10359263235295, 113.86277198800008 22.044430476798993, 113.92682242462 22.058879681384884))"
7171,CNJDR anchorage 1, locode: CNJDR FID: 7171,10/21/2020,10/21/2020,,CNJDR,ANC,0,9,1,1,"{'type': 'Polygon', 'coordinates': [[[116.47795611551726, 23.46195016553411], [116.47450277075473, 23.47272037658072], [116.45378270217968, 23.50291451457475], [116.44526445176548, 23.497636317934763], [116.46091961468886, 23.459204677059265], [116.46644496630887, 23.45392473579612], [116.47795611551726, 23.46195016553411]]]}","POLYGON(( 116.47795611551726 23.46195016553411, 116.47450277075473 23.47272037658072, 116.45378270217968 23.50291451457475, 116.44526445176548 23.497636317934763, 116.46091961468886 23.459204677059265, 116.46644496630887 23.45392473579612, 116.47795611551726 23.46195016553411))"
7164,CNCAN anchorage 1, locode: CNCAN FID: 7164,10/21/2020,10/21/2020,,CNCAN,ANC,0,9,1,1,"{'type': 'Polygon', 'coordinates': [[[113.46309980422883, 23.076591727398526], [113.46465380937197, 23.08029819267557], [113.45032242860756, 23.083792766356808], [113.44122862073294, 23.08352802910646], [113.44186173393942, 23.078497922301164], [113.44905620219464, 23.07929216220226], [113.46309980422883, 23.076591727398526]]]}","POLYGON(( 113.46309980422883 23.076591727398526, 113.46465380937197 23.08029819267557, 113.45032242860756 23.083792766356808, 113.44122862073294 23.08352802910646, 113.44186173393942 23.078497922301164, 113.44905620219464 23.07929216220226, 113.46309980422883 23.076591727398526))"
7165,CNCAN anchorage 2, locode: CNCAN FID: 7165,10/21/2020,10/21/2020,,CNCAN,ANC,0,9,1,2,"{'type': 'Polygon', 'coordinates': [[[113.4769707390249, 23.070396407368463], [113.50177726556893, 23.052391294085783], [113.50402193966455, 23.054933338453605], [113.49469790880578, 23.061764844835466], [113.48088452975576, 23.07553271855508], [113.4769707390249, 23.070396407368463]]]}","POLYGON(( 113.4769707390249 23.070396407368463, 113.50177726556893 23.052391294085783, 113.50402193966455 23.054933338453605, 113.49469790880578 23.061764844835466, 113.48088452975576 23.07553271855508, 113.4769707390249 23.070396407368463))"
4493,HKHKG anchorage 9, locode: HKHKG FID: 4493,10/21/2020,10/21/2020,,HKHKG,ANC,0,9,1,9,"{'type': 'Polygon', 'coordinates': [[[113.84413763291964, 21.806574426624444], [114.02244272983587, 21.883806958696862], [114.05965718525067, 22.003712057364154], [113.9543044158238, 22.066363449943207], [113.7017797076365, 21.901165791236078], [113.74475883740662, 21.843661128381495], [113.84413763291964, 21.806574426624444]]]}","POLYGON(( 113.84413763291964 21.806574426624444, 114.02244272983587 21.883806958696862, 114.05965718525067 22.003712057364154, 113.9543044158238 22.066363449943207, 113.7017797076365 21.901165791236078, 113.74475883740662 21.843661128381495, 113.84413763291964 21.806574426624444))"
7153,CNSDG anchorage 3, locode: CNSDG FID: 7153,10/21/2020,10/21/2020,,CNSDG,ANC,0,9,1,3,"{'type': 'Polygon', 'coordinates': [[[111.599514788866, 21.358154245651956], [111.3602708438921, 21.39653101044282], [111.19512089809808, 21.13452854922949], [111.5414056109773, 21.090970986581716], [111.599514788866, 21.358154245651956]]]}","POLYGON(( 111.599514788866 21.358154245651956, 111.3602708438921 21.39653101044282, 111.19512089809808 21.13452854922949, 111.5414056109773 21.090970986581716, 111.599514788866 21.358154245651956))"
4440,CNNSA anchorage 1, locode: CNNSA FID: 4440,10/21/2020,10/21/2020,,CNNSA,ANC,0,9,1,1,"{'type': 'Polygon', 'coordinates': [[[113.73111969358845, 22.64622386566555], [113.7176387625409, 22.68280501654022], [113.67555483902925, 22.73338131408513], [113.66638740690254, 22.730550672464123], [113.69485646646172, 22.659336740528122], [113.7108892784117, 22.63920144833464], [113.73111969358845, 22.64622386566555]]]}","POLYGON(( 113.73111969358845 22.64622386566555, 113.7176387625409 22.68280501654022, 113.67555483902925 22.73338131408513, 113.66638740690254 22.730550672464123, 113.69485646646172 22.659336740528122, 113.7108892784117 22.63920144833464, 113.73111969358845 22.64622386566555))"
4488,HKHKG anchorage 2, locode: HKHKG FID: 4488,10/21/2020,10/21/2020,,HKHKG,ANC,0,9,1,2,"{'type': 'Polygon', 'coordinates': [[[114.11699867200002, 22.25052070600003], [114.10626462017416, 22.27338236387708], [114.09133660955676, 22.26675576947187], [114.07594406519001, 22.234511333461672], [114.09067726100011, 22.226709366000023], [114.11699867200002, 22.25052070600003]]]}","POLYGON(( 114.11699867200002 22.25052070600003, 114.10626462017416 22.27338236387708, 114.09133660955676 22.26675576947187, 114.07594406519001 22.234511333461672, 114.09067726100011 22.226709366000023, 114.11699867200002 22.25052070600003))"
4491,HKHKG anchorage 5, locode: HKHKG FID: 4491,10/21/2020,10/21/2020,,HKHKG,ANC,0,9,1,5,"{'type': 'Polygon', 'coordinates': [[[114.18001335877842, 22.190857306802553], [114.11675256808643, 22.196590498907295], [114.09110318148898, 22.214142209028836], [114.07893955271003, 22.184597753946292], [114.0867281513617, 22.147132797554818], [114.18941217833509, 22.146335503588205], [114.18001335877842, 22.190857306802553]]]}","POLYGON(( 114.18001335877842 22.190857306802553, 114.11675256808643 22.196590498907295, 114.09110318148898 22.214142209028836, 114.07893955271003 22.184597753946292, 114.0867281513617 22.147132797554818, 114.18941217833509 22.146335503588205, 114.18001335877842 22.190857306802553))"
5039,ChinaMerchants,ChinaMerchants locode: CNMWN FID: 5039,5/6/2021,5/6/2021,,CNMWN,CTR,1,9,2,1,"{'type': 'Polygon', 'coordinates': [[[113.86901664700008, 22.482881546000044], [113.86578941300002, 22.49215126000007], [113.86470985400001, 22.49175071700006], [113.86781883200001, 22.482606888000078], [113.86901664700008, 22.482881546000044]]]}","POLYGON(( 113.86901664700008 22.482881546000044, 113.86578941300002 22.49215126000007, 113.86470985400001 22.49175071700006, 113.86781883200001 22.482606888000078, 113.86901664700008 22.482881546000044))"
5090,YICT(Phase2),YICT(Phase2) locode: CNYTN FID: 5090,5/6/2021,5/6/2021,,CNYTN,CTR,1,9,2,3,"{'type': 'Polygon', 'coordinates': [[[114.2749881740001, 22.566736221000042], [114.2662258150001, 22.576543808000054], [114.26525688200002, 22.575601578000033], [114.27387046800004, 22.565916061000053], [114.2749881740001, 22.566736221000042]]]}","POLYGON(( 114.2749881740001 22.566736221000042, 114.2662258150001 22.576543808000054, 114.26525688200002 22.575601578000033, 114.27387046800004 22.565916061000053, 114.2749881740001 22.566736221000042))"
5059,ChinaMerchantsPortServices,ChinaMerchantsPortServices locode: CNSHK FID: 5059,5/6/2021,5/6/2021,,CNSHK,CTR,1,9,2,2,"{'type': 'Polygon', 'coordinates': [[[113.90065956100011, 22.467889786000057], [113.89658546400005, 22.468687057000068], [113.89409828200007, 22.466897964000054], [113.89470100400001, 22.466123581000033], [113.89659309400008, 22.467271805000053], [113.89892768900006, 22.464796066000076], [113.90145683300011, 22.466821671000048], [113.90065956100011, 22.467889786000057]]]}","POLYGON(( 113.90065956100011 22.467889786000057, 113.89658546400005 22.468687057000068, 113.89409828200007 22.466897964000054, 113.89470100400001 22.466123581000033, 113.89659309400008 22.467271805000053, 113.89892768900006 22.464796066000076, 113.90145683300011 22.466821671000048, 113.90065956100011 22.467889786000057))"
5034,ZhuhaiInternationalContainerterminal(Gaolan)Ph,ZhuhaiInternationalContainerterminal(Gaolan)Ph locode: CNJMN FID: 5034,5/6/2021,5/6/2021,,CNJMN,CTR,1,9,2,1,"{'type': 'Polygon', 'coordinates': [[[113.22962379500007, 21.941534042000058], [113.22882652300007, 21.94233512900007], [113.22416496300002, 21.93649864200006], [113.22474479700008, 21.93605995200005], [113.22962379500007, 21.941534042000058]]]}","POLYGON(( 113.22962379500007 21.941534042000058, 113.22882652300007 21.94233512900007, 113.22416496300002 21.93649864200006, 113.22474479700008 21.93605995200005, 113.22962379500007 21.941534042000058))"
5020,HuangpuNewPortTerminals,HuangpuNewPortTerminals locode: CNCAN FID: 5020,5/6/2021,5/6/2021,,CNCAN,CTR,3,9,2,2,"{'type': 'Polygon', 'coordinates': [[[113.52275691174613, 23.05100755652702], [113.52228736900008, 23.051479241784236], [113.51884603121658, 23.04787315502898], [113.51947975200005, 23.047494888000074], [113.52275691174613, 23.05100755652702]]]}","POLYGON(( 113.52275691174613 23.05100755652702, 113.52228736900008 23.051479241784236, 113.51884603121658 23.04787315502898, 113.51947975200005 23.047494888000074, 113.52275691174613 23.05100755652702))"
5047,"GOCT(APMT,COSCO)","GOCT(APMT,COSCO) locode: CNNSA FID: 5047",5/6/2021,5/6/2021,,CNNSA,CTR,2,9,2,2,"{'type': 'Polygon', 'coordinates': [[[113.68653596816715, 22.629426801668284], [113.68198585500011, 22.648427963000074], [113.68065071100011, 22.64816856400006], [113.68504442116715, 22.62913688466831], [113.68653596816715, 22.629426801668284]]]}","POLYGON(( 113.68653596816715 22.629426801668284, 113.68198585500011 22.648427963000074, 113.68065071100011 22.64816856400006, 113.68504442116715 22.62913688466831, 113.68653596816715 22.629426801668284))"
5048,NICT,NICT locode: CNNSA FID: 5048,5/6/2021,5/6/2021,,CNNSA,CTR,2,9,2,3,"{'type': 'Polygon', 'coordinates': [[[113.69155906338221, 22.608118946190622], [113.68699836700011, 22.627252002450348], [113.68522834800001, 22.626881976450363], [113.68980048738229, 22.607855731190604], [113.69155906338221, 22.608118946190622]]]}","POLYGON(( 113.69155906338221 22.608118946190622, 113.68699836700011 22.627252002450348, 113.68522834800001 22.626881976450363, 113.68980048738229 22.607855731190604, 113.69155906338221 22.608118946190622))"
5021,ChiwanContainerTerminal,ChiwanContainerTerminal locode: CNCWN FID: 5021,5/6/2021,5/6/2021,,CNCWN,CTR,1,9,2,1,"{'type': 'Polygon', 'coordinates': [[[113.8725681300001, 22.473897934000036], [113.87105751000001, 22.47347831700006], [113.87947273300006, 22.457468033000055], [113.88134193400003, 22.458200455000053], [113.87974739100002, 22.470579147000024], [113.88067436200004, 22.471357346000048], [113.87966346700011, 22.472703934000037], [113.87904167200008, 22.47229957600007], [113.8725681300001, 22.473897934000036]]]}","POLYGON(( 113.8725681300001 22.473897934000036, 113.87105751000001 22.47347831700006, 113.87947273300006 22.457468033000055, 113.88134193400003 22.458200455000053, 113.87974739100002 22.470579147000024, 113.88067436200004 22.471357346000048, 113.87966346700011 22.472703934000037, 113.87904167200008 22.47229957600007, 113.8725681300001 22.473897934000036))"
9582,ShantouPortContainer(Public),ShantouPortContainer(Public) locode: CNSTG FID: 9582,5/6/2021,5/6/2021,,CNSTG,CTR,1,9,2,2,"{'type': 'Polygon', 'coordinates': [[[116.72274117793823, 23.35080248587614], [116.72235218896635, 23.349846298475363], [116.7293790865228, 23.347645889254423], [116.72969278730659, 23.34861361298671], [116.72274117793823, 23.35080248587614]]]}","POLYGON(( 116.72274117793823 23.35080248587614, 116.72235218896635 23.349846298475363, 116.7293790865228 23.347645889254423, 116.72969278730659 23.34861361298671, 116.72274117793823 23.35080248587614))"
8788,DongguanContainerTerminal(PSA),DongguanContainerTerminal(PSA) locode: CNDGG FID: 8788,5/6/2021,5/6/2021,,CNDGG,CTR,1,9,2,2,"{'type': 'Polygon', 'coordinates': [[[113.57240706312707, 22.866774219786283], [113.57094935766868, 22.86686302277897], [113.57331059956822, 22.860299770230654], [113.57455145628072, 22.860799310111453], [113.57240706312707, 22.866774219786283]]]}","POLYGON(( 113.57240706312707 22.866774219786283, 113.57094935766868 22.86686302277897, 113.57331059956822 22.860299770230654, 113.57455145628072 22.860799310111453, 113.57240706312707 22.866774219786283))"
5088,YICT,YICT locode: CNYTN FID: 5088,5/6/2021,5/6/2021,,CNYTN,CTR,1,9,2,1,"{'type': 'Polygon', 'coordinates': [[[114.2897221561074, 22.567912910406406], [114.27412324423815, 22.58405613337244], [114.27308464100008, 22.583032608000053], [114.27868480347352, 22.565517934876027], [114.2882731438927, 22.565680968756173], [114.2897221561074, 22.567912910406406]]]}","POLYGON(( 114.2897221561074 22.567912910406406, 114.27412324423815 22.58405613337244, 114.27308464100008 22.583032608000053, 114.27868480347352 22.565517934876027, 114.2882731438927 22.565680968756173, 114.2897221561074 22.567912910406406))"
5031,HuizhouInternationalContainerTerminals(HPH),HuizhouInternationalContainerTerminals(HPH) locode: CNHUI FID: 5031,5/6/2021,5/6/2021,,CNHUI,CTR,2,9,2,1,"{'type': 'Polygon', 'coordinates': [[[114.55869483900005, 22.695207596000046], [114.55871391300002, 22.696252823000066], [114.55105400100001, 22.696252823000066], [114.55121421800004, 22.695207596000046], [114.55869483900005, 22.695207596000046]]]}","POLYGON(( 114.55869483900005 22.695207596000046, 114.55871391300002 22.696252823000066, 114.55105400100001 22.696252823000066, 114.55121421800004 22.695207596000046, 114.55869483900005 22.695207596000046))"
5058,ShekouContainerTerminal,ShekouContainerTerminal locode: CNSHK FID: 5058,5/6/2021,5/6/2021,,CNSHK,CTR,1,9,2,1,"{'type': 'Polygon', 'coordinates': [[[113.89671897900007, 22.457136154000068], [113.89556312600007, 22.465307236000058], [113.89358329800007, 22.466005325000026], [113.88599968000005, 22.455530167000063], [113.8839550020001, 22.455205917000058], [113.88496589700003, 22.447080612000036], [113.8873958590001, 22.44555473300005], [113.89671897900007, 22.457136154000068]]]}","POLYGON(( 113.89671897900007 22.457136154000068, 113.89556312600007 22.465307236000058, 113.89358329800007 22.466005325000026, 113.88599968000005 22.455530167000063, 113.8839550020001 22.455205917000058, 113.88496589700003 22.447080612000036, 113.8873958590001 22.44555473300005, 113.89671897900007 22.457136154000068))"
5019,GuangzhouContainerTerminal(PSA),GuangzhouContainerTerminal(PSA) locode: CNCAN FID: 5019,5/6/2021,5/6/2021,,CNCAN,CTR,3,9,2,1,"{'type': 'Polygon', 'coordinates': [[[113.5137257202224, 23.043408905324583], [113.51045136923818, 23.048523745221726], [113.5096721650001, 23.048124313000073], [113.51289176900002, 23.04313087500003], [113.5137257202224, 23.043408905324583]]]}","POLYGON(( 113.5137257202224 23.043408905324583, 113.51045136923818 23.048523745221726, 113.5096721650001 23.048124313000073, 113.51289176900002 23.04313087500003, 113.5137257202224 23.043408905324583))"
5029,ShantouGuangaoTerminal,ShantouGuangaoTerminal locode: CNGNA FID: 5029,5/6/2021,5/6/2021,,CNGNA,CTR,1,9,2,1,"{'type': 'Polygon', 'coordinates': [[[116.77778053300005, 23.226266861000056], [116.77717018100009, 23.226411819000077], [116.77643013000011, 23.22273063700004], [116.77705192600001, 23.222646713000074], [116.77778053300005, 23.226266861000056]]]}","POLYGON(( 116.77778053300005 23.226266861000056, 116.77717018100009 23.226411819000077, 116.77643013000011 23.22273063700004, 116.77705192600001 23.222646713000074, 116.77778053300005 23.226266861000056))"
5046,NanshaContainerTerminalPhase1,NanshaContainerTerminalPhase1 locode: CNNSA FID: 5046,5/6/2021,5/6/2021,,CNNSA,CTR,2,9,2,1,"{'type': 'Polygon', 'coordinates': [[[113.68201255800011, 22.64859199500006], [113.67754173300011, 22.66054725600003], [113.67619895900009, 22.660139084000036], [113.68062400800011, 22.64819908100003], [113.68201255800011, 22.64859199500006]]]}","POLYGON(( 113.68201255800011 22.64859199500006, 113.67754173300011 22.66054725600003, 113.67619895900009 22.660139084000036, 113.68062400800011 22.64819908100003, 113.68201255800011 22.64859199500006))"
5023,DongguanHumenPortContainerterminal,DongguanHumenPortContainerterminal locode: CNDGG FID: 5023,5/6/2021,5/6/2021,,CNDGG,CTR,1,9,2,1,"{'type': 'Polygon', 'coordinates': [[[113.57302125742395, 22.872884750000026], [113.5717433056271, 22.872956196700464], [113.57091170162705, 22.867199818700463], [113.57240723191502, 22.867019221794262], [113.57302125742395, 22.872884750000026]]]}","POLYGON(( 113.57302125742395 22.872884750000026, 113.5717433056271 22.872956196700464, 113.57091170162705 22.867199818700463, 113.57240723191502 22.867019221794262, 113.57302125742395 22.872884750000026))"
5061,ShantouIntContainerTerminal(HPH),ShantouIntContainerTerminal(HPH) locode: CNSTG FID: 5061,5/6/2021,5/6/2021,,CNSTG,CTR,1,9,2,1,"{'type': 'Polygon', 'coordinates': [[[116.7224810813713, 23.35087128490964], [116.71835136400011, 23.352117538000073], [116.71802330000003, 23.351297379000073], [116.72215683237123, 23.350039680909656], [116.7224810813713, 23.35087128490964]]]}","POLYGON(( 116.7224810813713 23.35087128490964, 116.71835136400011 23.352117538000073, 116.71802330000003 23.351297379000073, 116.72215683237123 23.350039680909656, 116.7224810813713 23.35087128490964))"
5089,YICT(Phase3),YICT(Phase3) locode: CNYTN FID: 5089,5/6/2021,5/6/2021,,CNYTN,CTR,1,9,2,2,"{'type': 'Polygon', 'coordinates': [[[114.26570320100006, 22.57477760300003], [114.264482498, 22.576200485000072], [114.2529289130317, 22.566520067466502], [114.25428727977781, 22.56527368459859], [114.26570320100006, 22.57477760300003]]]}","POLYGON(( 114.26570320100006 22.57477760300003, 114.264482498 22.576200485000072, 114.2529289130317 22.566520067466502, 114.25428727977781 22.56527368459859, 114.26570320100006 22.57477760300003))"
5022,DachanBayPhase1,DachanBayPhase1 locode: CNDCB FID: 5022,5/6/2021,5/6/2021,,CNDCB,CTR,1,9,2,1,"{'type': 'Polygon', 'coordinates': [[[113.85825538600011, 22.525156021000043], [113.85345268200001, 22.540800095000066], [113.8520336150001, 22.540376663000075], [113.85676765400001, 22.52469825700007], [113.85825538600011, 22.525156021000043]]]}","POLYGON(( 113.85825538600011 22.525156021000043, 113.85345268200001 22.540800095000066, 113.8520336150001 22.540376663000075, 113.85676765400001 22.52469825700007, 113.85825538600011 22.525156021000043))"
9577,ZhangBaiMengPowerStation(DatangPower),ZhangBaiMengPowerStation(DatangPower) locode: CNZEL FID: 9577,5/6/2021,5/6/2021,,CNZEL,DRY,1,9,2,1,"{'type': 'Polygon', 'coordinates': [[[117.10528987272221, 23.564897840422528], [117.10448679871574, 23.563839686771587], [117.10732265380105, 23.561148257555704], [117.10827630418369, 23.56218342916375], [117.10528987272221, 23.564897840422528]]]}","POLYGON(( 117.10528987272221 23.564897840422528, 117.10448679871574 23.563839686771587, 117.10732265380105 23.561148257555704, 117.10827630418369 23.56218342916375, 117.10528987272221 23.564897840422528))"
9585,ChinaResourcesCement,ChinaResourcesCement locode: CNSTG FID: 9585,5/6/2021,5/6/2021,,CNSTG,DRY,2,9,2,2,"{'type': 'Polygon', 'coordinates': [[[116.74885990519493, 23.327500657364865], [116.747485895762, 23.328670166721274], [116.74702789261772, 23.328284172160533], [116.74848346425439, 23.327045525325264], [116.74885990519493, 23.327500657364865]]]}","POLYGON(( 116.74885990519493 23.327500657364865, 116.747485895762 23.328670166721274, 116.74702789261772 23.328284172160533, 116.74848346425439 23.327045525325264, 116.74885990519493 23.327500657364865))"
9579,ChaozhouAsiaPacificPort(Public),ChaozhouAsiaPacificPort(Public) locode: CNZEL FID: 9579,5/6/2021,5/6/2021,,CNZEL,DRY,1,9,2,2,"{'type': 'Polygon', 'coordinates': [[[117.09736579092419, 23.55815196487887], [117.09641214054152, 23.557300798260112], [117.10072866332621, 23.55320591963259], [117.10138116095644, 23.55426415891901], [117.09736579092419, 23.55815196487887]]]}","POLYGON(( 117.09736579092419 23.55815196487887, 117.09641214054152 23.557300798260112, 117.10072866332621 23.55320591963259, 117.10138116095644 23.55426415891901, 117.09736579092419 23.55815196487887))"
10467,Coalterminal,Coalterminal locode: CNNSA FID: 10467,5/6/2021,5/6/2021,,CNNSA,DRY,2,9,2,2,"{'type': 'Polygon', 'coordinates': [[[113.66537206920081, 22.67941209740131], [113.66978525902688, 22.671712821031022], [113.67076802818983, 22.672072130210154], [113.66637338117816, 22.67992536712233], [113.66537206920081, 22.67941209740131]]]}","POLYGON(( 113.66537206920081 22.67941209740131, 113.66978525902688 22.671712821031022, 113.67076802818983 22.672072130210154, 113.66637338117816 22.67992536712233, 113.66537206920081 22.67941209740131))"
10466,Grainterminal,Grainterminal locode: CNNSA FID: 10466,5/6/2021,5/6/2021,,CNNSA,DRY,2,9,2,1,"{'type': 'Polygon', 'coordinates': [[[113.66980380184128, 22.671695711046635], [113.67241833867101, 22.667178600511114], [113.67338256501957, 22.667640584553236], [113.6708421994474, 22.6720379103289], [113.66980380184128, 22.671695711046635]]]}","POLYGON(( 113.66980380184128 22.671695711046635, 113.67241833867101 22.667178600511114, 113.67338256501957 22.667640584553236, 113.6708421994474 22.6720379103289, 113.66980380184128 22.671695711046635))"
9580,ShantouPowerStation,ShantouPowerStation locode: CNSTG FID: 9580,5/6/2021,5/6/2021,,CNSTG,DRY,2,9,2,1,"{'type': 'Polygon', 'coordinates': [[[116.73869913680868, 23.335661083049974], [116.73573152739421, 23.337959622871693], [116.73507275574829, 23.33740659436853], [116.73811565335086, 23.33501011090944], [116.73869913680868, 23.335661083049974]]]}","POLYGON(( 116.73869913680868 23.335661083049974, 116.73573152739421 23.337959622871693, 116.73507275574829 23.33740659436853, 116.73811565335086 23.33501011090944, 116.73869913680868 23.335661083049974))"
5215,ShenzhenDiefu(CNOOC)-Regas,ShenzhenDiefu(CNOOC)-Regas locode: CNDPG FID: 5215,5/6/2021,5/6/2021,,CNDPG,GAS,1,9,2,2,"{'type': 'Polygon', 'coordinates': [[[114.43230247500003, 22.58669853200007], [114.43047905000003, 22.591077805000054], [114.4284381870001, 22.590307236000058], [114.4301357270001, 22.58593177800003], [114.43230247500003, 22.58669853200007]]]}","POLYGON(( 114.43230247500003 22.58669853200007, 114.43047905000003 22.591077805000054, 114.4284381870001 22.590307236000058, 114.4301357270001 22.58593177800003, 114.43230247500003 22.58669853200007))"
5211,JovoLNG-Regas,JovoLNG-Regas locode: CNCAN FID: 5211,5/6/2021,5/6/2021,,CNCAN,GAS,1,9,2,1,"{'type': 'Polygon', 'coordinates': [[[113.55294609100008, 22.949327469000025], [113.55217552200008, 22.95078468300005], [113.55143165600009, 22.950513840000042], [113.55220222500009, 22.948995590000038], [113.55294609100008, 22.949327469000025]]]}","POLYGON(( 113.55294609100008 22.949327469000025, 113.55217552200008 22.95078468300005, 113.55143165600009 22.950513840000042, 113.55220222500009 22.948995590000038, 113.55294609100008 22.949327469000025))"
5214,GuangdongDapengLNG-Regas,GuangdongDapengLNG-Regas locode: CNDPG FID: 5214,5/6/2021,5/6/2021,,CNDPG,GAS,1,9,2,1,"{'type': 'Polygon', 'coordinates': [[[114.43385505700007, 22.572439194000026], [114.43222999600005, 22.576265335000073], [114.43033409100008, 22.575761795000062], [114.43187522900007, 22.571783066000023], [114.43385505700007, 22.572439194000026]]]}","POLYGON(( 114.43385505700007 22.572439194000026, 114.43222999600005 22.576265335000073, 114.43033409100008 22.575761795000062, 114.43187522900007 22.571783066000023, 114.43385505700007 22.572439194000026))"
5216,ZhuhaiLNG(CNOOC)-Regas,ZhuhaiLNG(CNOOC)-Regas locode: CNJMN FID: 5216,5/6/2021,5/6/2021,,CNJMN,GAS,1,9,2,1,"{'type': 'Polygon', 'coordinates': [[[113.2182712550001, 21.901674271000047], [113.2168331150001, 21.905366898000068], [113.21564292900007, 21.904867172000024], [113.21703147900007, 21.901308060000076], [113.2182712550001, 21.901674271000047]]]}","POLYGON(( 113.2182712550001 21.901674271000047, 113.2168331150001 21.905366898000068, 113.21564292900007 21.904867172000024, 113.21703147900007 21.901308060000076, 113.2182712550001 21.901674271000047))"
9583,MultipurposeTerminal(Public),MultipurposeTerminal(Public) locode: CNSTG FID: 9583,5/6/2021,5/6/2021,,CNSTG,GCO,1,9,2,1,"{'type': 'Polygon', 'coordinates': [[[116.73316859199073, 23.34762284812719], [116.72974297943196, 23.348602092507583], [116.72947947077361, 23.347703492055015], [116.73289253530102, 23.34665511717156], [116.73316859199073, 23.34762284812719]]]}","POLYGON(( 116.73316859199073 23.34762284812719, 116.72974297943196 23.348602092507583, 116.72947947077361 23.347703492055015, 116.73289253530102 23.34665511717156, 116.73316859199073 23.34762284812719))"
8216,XinshiaTerminal,XinshiaTerminal locode: CNCAN FID: 8216,5/6/2021,5/6/2021,,CNCAN,GCO,2,9,2,1,"{'type': 'Polygon', 'coordinates': [[[113.53039483717993, 23.010584652694032], [113.52885837765415, 23.014395102476918], [113.52756376823889, 23.014054654297812], [113.5290717748105, 23.01019181669961], [113.53039483717993, 23.010584652694032]]]}","POLYGON(( 113.53039483717993 23.010584652694032, 113.52885837765415 23.014395102476918, 113.52756376823889 23.014054654297812, 113.5290717748105 23.01019181669961, 113.53039483717993 23.010584652694032))"
10734,CrudeTerminal(Huade),CrudeTerminal(Huade) locode: CNDAY FID: 10734,5/6/2021,5/6/2021,,CNDAY,LIQ,1,9,2,3,"{'type': 'Polygon', 'coordinates': [[[114.65869760766964, 22.66321091103149], [114.65677008457268, 22.667094934849317], [114.65448852662122, 22.666477855618155], [114.65641604971817, 22.662267112708143], [114.65869760766964, 22.66321091103149]]]}","POLYGON(( 114.65869760766964 22.66321091103149, 114.65677008457268 22.667094934849317, 114.65448852662122 22.666477855618155, 114.65641604971817 22.662267112708143, 114.65869760766964 22.66321091103149))"
10735,"CrudeTerminal(CNOOC,Shell)","CrudeTerminal(CNOOC,Shell) locode: CNDAY FID: 10735",5/6/2021,5/6/2021,,CNDAY,LIQ,1,9,2,4,"{'type': 'Polygon', 'coordinates': [[[114.65051546880917, 22.67482635871741], [114.65204961984551, 22.67163219715507], [114.65405581735457, 22.672176678973685], [114.65271835234851, 22.675261918871563], [114.65051546880917, 22.67482635871741]]]}","POLYGON(( 114.65051546880917 22.67482635871741, 114.65204961984551 22.67163219715507, 114.65405581735457 22.672176678973685, 114.65271835234851 22.675261918871563, 114.65051546880917 22.67482635871741))"
9584,Liquidterminal(Public),Liquidterminal(Public) locode: CNSTG FID: 9584,5/6/2021,5/6/2021,,CNSTG,LIQ,1,9,2,2,"{'type': 'Polygon', 'coordinates': [[[116.73306820773992, 23.34671272040211], [116.73472454787824, 23.34607908349123], [116.73507589275606, 23.347058339260474], [116.73329407230425, 23.347691971496907], [116.73306820773992, 23.34671272040211]]]}","POLYGON(( 116.73306820773992 23.34671272040211, 116.73472454787824 23.34607908349123, 116.73507589275606 23.347058339260474, 116.73329407230425 23.347691971496907, 116.73306820773992 23.34671272040211))"
10732,CrudeTerminal(Huade),CrudeTerminal(Huade) locode: CNDAY FID: 10732,5/6/2021,5/6/2021,,CNDAY,LIQ,1,9,2,1,"{'type': 'Polygon', 'coordinates': [[[114.6488829747577, 22.67950855787352], [114.65069248623647, 22.675225622244888], [114.65321006742428, 22.675588588079343], [114.6513218815334, 22.680343351781314], [114.6488829747577, 22.67950855787352]]]}","POLYGON(( 114.6488829747577 22.67950855787352, 114.65069248623647 22.675225622244888, 114.65321006742428 22.675588588079343, 114.6513218815334 22.680343351781314, 114.6488829747577 22.67950855787352))"
9586,tbd,tbd locode: CNSTG FID: 9586,5/6/2021,5/6/2021,,CNSTG,LIQ,2,9,2,1,"{'type': 'Polygon', 'coordinates': [[[116.65126915986804, 23.338135324153637], [116.65099310317832, 23.338630742909853], [116.64944342130651, 23.338089238593977], [116.64968183390216, 23.337547732069982], [116.65126915986804, 23.338135324153637]]]}","POLYGON(( 116.65126915986804 23.338135324153637, 116.65099310317832 23.338630742909853, 116.64944342130651 23.338089238593977, 116.64968183390216 23.337547732069982, 116.65126915986804 23.338135324153637))"
9581,AberdeenPolystyreen,AberdeenPolystyreen locode: CNSTG FID: 9581,5/6/2021,5/6/2021,,CNSTG,LIQ,1,9,2,3,"{'type': 'Polygon', 'coordinates': [[[116.7446751367394, 23.343149913555436], [116.74314427691462, 23.3438066062412], [116.742943508413, 23.343322727735035], [116.74437398398699, 23.342746679594924], [116.7446751367394, 23.343149913555436]]]}","POLYGON(( 116.7446751367394 23.343149913555436, 116.74314427691462 23.3438066062412, 116.742943508413 23.343322727735035, 116.74437398398699 23.342746679594924, 116.7446751367394 23.343149913555436))"
10753,Sinopec,Sinopec locode: CNZHA FID: 10753,5/6/2021,5/6/2021,,CNZHA,LIQ,1,9,2,1,"{'type': 'Polygon', 'coordinates': [[[110.40700292936484, 21.162731606864785], [110.40484632383627, 21.153345888902926], [110.40616424943705, 21.147032541542565], [110.40886000634775, 21.14742364167623], [110.40820104354735, 21.15630692370069], [110.4091595348934, 21.162396412898964], [110.40700292936484, 21.162731606864785]]]}","POLYGON(( 110.40700292936484 21.162731606864785, 110.40484632383627 21.153345888902926, 110.40616424943705 21.147032541542565, 110.40886000634775 21.14742364167623, 110.40820104354735 21.15630692370069, 110.4091595348934 21.162396412898964, 110.40700292936484 21.162731606864785))"
10736,"Petchemterminal(CNOOC,Shell)","Petchemterminal(CNOOC,Shell) locode: CNDAY FID: 10736",5/6/2021,5/6/2021,,CNDAY,LIQ,1,9,2,5,"{'type': 'Polygon', 'coordinates': [[[114.65260034073034, 22.670579574720634], [114.65413449176668, 22.666731947488856], [114.65645538692424, 22.667240130855696], [114.65492123588791, 22.671269232346894], [114.65260034073034, 22.670579574720634]]]}","POLYGON(( 114.65260034073034 22.670579574720634, 114.65413449176668 22.666731947488856, 114.65645538692424 22.667240130855696, 114.65492123588791 22.671269232346894, 114.65260034073034 22.670579574720634))"
10733,CrudeTerminal(CNOOC),CrudeTerminal(CNOOC) locode: CNDAY FID: 10733,5/6/2021,5/6/2021,,CNDAY,LIQ,1,9,2,2,"{'type': 'Polygon', 'coordinates': [[[114.6563570439091, 22.654244550492784], [114.65344609066065, 22.658092519679602], [114.65120386991524, 22.657330244931856], [114.65395747433942, 22.653191823765415], [114.6563570439091, 22.654244550492784]]]}","POLYGON(( 114.6563570439091 22.654244550492784, 114.65344609066065 22.658092519679602, 114.65120386991524 22.657330244931856, 114.65395747433942 22.653191823765415, 114.6563570439091 22.654244550492784))"
9578,OuhuaEnergy,OuhuaEnergy locode: CNZEL FID: 9578,5/6/2021,5/6/2021,,CNZEL,LIQ,1,9,2,1,"{'type': 'Polygon', 'coordinates': [[[117.13164701257456, 23.56519113150192], [117.12984009606005, 23.5640409666551], [117.13179758895076, 23.561096498761206], [117.13385546609229, 23.562016652066944], [117.13164701257456, 23.56519113150192]]]}","POLYGON(( 117.13164701257456 23.56519113150192, 117.12984009606005 23.5640409666551, 117.13179758895076 23.561096498761206, 117.13385546609229 23.562016652066944, 117.13164701257456 23.56519113150192))"
4779,Zhapo,Zhapo locode: CNZPO FID: 4779,12/9/2019,8/23/2020,10,CNZPO,PRT,0,9,1,1,"{'type': 'Polygon', 'coordinates': [[[111.81890703758715, 21.58290130735048], [111.81676774523815, 21.583980416617788], [111.81476511039715, 21.57911272513134], [111.81709895274612, 21.57828486538077], [111.81890703758715, 21.58290130735048]]]}","POLYGON(( 111.81890703758715 21.58290130735048, 111.81676774523815 21.583980416617788, 111.81476511039715 21.57911272513134, 111.81709895274612 21.57828486538077, 111.81890703758715 21.58290130735048))"
4619,Guangzhou,Guangzhou locode: CNCAN FID: 4619,12/9/2019,8/23/2020,10,CNCAN,PRT,0,9,1,1,"{'type': 'Polygon', 'coordinates': [[[113.56945991500004, 22.980947495000066], [113.56702995300009, 22.98185920700007], [113.56250190700007, 22.97604560900004], [113.55945015000009, 22.97390174900005], [113.55228614800001, 22.969091415000037], [113.54866981500004, 22.959539413000073], [113.5506610870001, 22.95166587800003], [113.55483055100001, 22.943864822000023], [113.56571769700008, 22.92673301700006], [113.56643486000007, 22.92311286900008], [113.5685749050001, 22.922437668000043], [113.56945991500004, 22.980947495000066]]]}","POLYGON(( 113.56945991500004 22.980947495000066, 113.56702995300009 22.98185920700007, 113.56250190700007 22.97604560900004, 113.55945015000009 22.97390174900005, 113.55228614800001 22.969091415000037, 113.54866981500004 22.959539413000073, 113.5506610870001 22.95166587800003, 113.55483055100001 22.943864822000023, 113.56571769700008 22.92673301700006, 113.56643486000007 22.92311286900008, 113.5685749050001 22.922437668000043, 113.56945991500004 22.980947495000066))"
4633,Dayawan,Dayawan locode: CNDAY FID: 4633,12/9/2019,8/23/2020,10,CNDAY,PRT,0,9,1,1,"{'type': 'Polygon', 'coordinates': [[[114.66004469252736, 22.661888061848455], [114.65130218610608, 22.68147757449071], [114.64208768686069, 22.679712926627726], [114.6419199561309, 22.6607892316116], [114.65431861784857, 22.651766919148038], [114.65728149909711, 22.653571220191434], [114.66004469252736, 22.661888061848455]]]}","POLYGON(( 114.66004469252736 22.661888061848455, 114.65130218610608 22.68147757449071, 114.64208768686069 22.679712926627726, 114.6419199561309 22.6607892316116, 114.65431861784857 22.651766919148038, 114.65728149909711 22.653571220191434, 114.66004469252736 22.661888061848455))"
4631,Chiwan,Chiwan locode: CNCWN FID: 4631,12/9/2019,8/23/2020,10,CNCWN,PRT,0,9,1,1,"{'type': 'Polygon', 'coordinates': [[[113.88196373000005, 22.457719803000032], [113.88147163400004, 22.46143150300003], [113.88871192900001, 22.462915421000048], [113.88675880400001, 22.476720810000074], [113.88028526300002, 22.479955673000063], [113.8697147370001, 22.474184036000054], [113.8792247770001, 22.457036972000026], [113.88196373000005, 22.457719803000032]]]}","POLYGON(( 113.88196373000005 22.457719803000032, 113.88147163400004 22.46143150300003, 113.88871192900001 22.462915421000048, 113.88675880400001 22.476720810000074, 113.88028526300002 22.479955673000063, 113.8697147370001 22.474184036000054, 113.8792247770001 22.457036972000026, 113.88196373000005 22.457719803000032))"
4717,Shapa,Shapa locode: CNSPA FID: 4717,12/9/2019,8/23/2020,10,CNSPA,PRT,0,9,1,1,"{'type': 'Polygon', 'coordinates': [[[111.68139457700005, 21.532564163000075], [111.67317390400007, 21.53992652900007], [111.66586494400008, 21.529985428000032], [111.67338371300008, 21.523801804000072], [111.68139457700005, 21.532564163000075]]]}","POLYGON(( 111.68139457700005 21.532564163000075, 111.67317390400007 21.53992652900007, 111.66586494400008 21.529985428000032, 111.67338371300008 21.523801804000072, 111.68139457700005 21.532564163000075))"
7170,Quxi,Quxi locode: CNJDR FID: 7170,12/9/2019,8/23/2020,10,CNJDR,PRT,0,9,1,2,"{'type': 'Polygon', 'coordinates': [[[116.44480400579712, 23.55315235337225], [116.42960928884212, 23.567080456764003], [116.36883042102197, 23.53457925283991], [116.3582401637503, 23.50291451457475], [116.39461539524869, 23.484334324852583], [116.44480400579712, 23.55315235337225]]]}","POLYGON(( 116.44480400579712 23.55315235337225, 116.42960928884212 23.567080456764003, 116.36883042102197 23.53457925283991, 116.3582401637503 23.50291451457475, 116.39461539524869 23.484334324852583, 116.44480400579712 23.55315235337225))"
4755,Zhanjiang,Zhanjiang locode: CNZHA FID: 4755,12/9/2019,8/23/2020,10,CNZHA,PRT,0,9,1,1,"{'type': 'Polygon', 'coordinates': [[[110.41030818271508, 21.137623953500576], [110.40871238700004, 21.157091141000024], [110.42214611279422, 21.233820238209862], [110.43724465835344, 21.246602402011895], [110.43156650785335, 21.25192204528547], [110.41468809866531, 21.240405923440882], [110.38610649100008, 21.123983383000052], [110.38969230700008, 21.12010002100004], [110.41030818271508, 21.137623953500576]]]}","POLYGON(( 110.41030818271508 21.137623953500576, 110.40871238700004 21.157091141000024, 110.42214611279422 21.233820238209862, 110.43724465835344 21.246602402011895, 110.43156650785335 21.25192204528547, 110.41468809866531 21.240405923440882, 110.38610649100008 21.123983383000052, 110.38969230700008 21.12010002100004, 110.41030818271508 21.137623953500576))"
4763,ZhanjiangPort,ZhanjiangPort locode: CNZNG FID: 4763,12/9/2019,8/23/2020,10,CNZNG,PRT,0,9,1,1,"{'type': 'Polygon', 'coordinates': [[[110.51021501544592, 21.065598099684333], [110.50887915631922, 21.07986163798696], [110.47464251050737, 21.07134816928106], [110.47778320563798, 21.0633100502023], [110.51021501544592, 21.065598099684333]]]}","POLYGON(( 110.51021501544592 21.065598099684333, 110.50887915631922 21.07986163798696, 110.47464251050737 21.07134816928106, 110.47778320563798 21.0633100502023, 110.51021501544592 21.065598099684333))"
4785,HongKong,HongKong locode: HKHKG FID: 4785,12/9/2019,8/23/2020,9,HKHKG,PRT,0,9,1,1,"{'type': 'Polygon', 'coordinates': [[[114.14344009177906, 22.32142725368739], [114.14780733813845, 22.327689612638157], [114.12952613800007, 22.340116501000068], [114.12039375300003, 22.349287033000053], [114.09746442295528, 22.36502073740028], [114.08688181513443, 22.364437355981174], [114.07881573590446, 22.356838388570115], [114.08035087600001, 22.348115921000044], [114.08586692800009, 22.333166122000023], [114.09169197100005, 22.323976517000062], [114.14344009177906, 22.32142725368739]]]}","POLYGON(( 114.14344009177906 22.32142725368739, 114.14780733813845 22.327689612638157, 114.12952613800007 22.340116501000068, 114.12039375300003 22.349287033000053, 114.09746442295528 22.36502073740028, 114.08688181513443 22.364437355981174, 114.07881573590446 22.356838388570115, 114.08035087600001 22.348115921000044, 114.08586692800009 22.333166122000023, 114.09169197100005 22.323976517000062, 114.14344009177906 22.32142725368739))"
4639,Dongguan,Dongguan locode: CNDGG FID: 4639,12/9/2019,8/23/2020,10,CNDGG,PRT,0,9,1,2,"{'type': 'Polygon', 'coordinates': [[[113.67362403900006, 22.735464096000044], [113.6701374050001, 22.740072250000026], [113.6637897490001, 22.745870590000038], [113.66250801100011, 22.744123459000036], [113.67220878600006, 22.73474311800004], [113.67362403900006, 22.735464096000044]]]}","POLYGON(( 113.67362403900006 22.735464096000044, 113.6701374050001 22.740072250000026, 113.6637897490001 22.745870590000038, 113.66250801100011 22.744123459000036, 113.67220878600006 22.73474311800004, 113.67362403900006 22.735464096000044))"
4665,Jiangmen,Jiangmen locode: CNJMN FID: 4665,12/9/2019,8/23/2020,10,CNJMN,PRT,0,9,1,1,"{'type': 'Polygon', 'coordinates': [[[113.2411937710001, 21.88767051700006], [113.2354907990001, 21.945199966000075], [113.2143650050001, 21.965238571000043], [113.1674275661875, 21.976536106708753], [113.16437258050722, 21.974993971717794], [113.17563438400009, 21.962778091000075], [113.22554588300011, 21.884954453000034], [113.2411937710001, 21.88767051700006]]]}","POLYGON(( 113.2411937710001 21.88767051700006, 113.2354907990001 21.945199966000075, 113.2143650050001 21.965238571000043, 113.1674275661875 21.976536106708753, 113.16437258050722 21.974993971717794, 113.17563438400009 21.962778091000075, 113.22554588300011 21.884954453000034, 113.2411937710001 21.88767051700006))"
4707,Shuidong,Shuidong locode: CNSDG FID: 4707,12/9/2019,8/23/2020,10,CNSDG,PRT,0,9,1,1,"{'type': 'Polygon', 'coordinates': [[[111.0860677660159, 21.46877160869502], [111.07708974862334, 21.47613281855769], [111.08253288300006, 21.480371475000027], [111.07763343155489, 21.483721935448962], [111.0723151875726, 21.47966656995566], [111.06050942146051, 21.488443255318153], [111.05779172371382, 21.485665523872637], [111.08426094100008, 21.46775627100004], [111.0860677660159, 21.46877160869502]]]}","POLYGON(( 111.0860677660159 21.46877160869502, 111.07708974862334 21.47613281855769, 111.08253288300006 21.480371475000027, 111.07763343155489 21.483721935448962, 111.0723151875726 21.47966656995566, 111.06050942146051 21.488443255318153, 111.05779172371382 21.485665523872637, 111.08426094100008 21.46775627100004, 111.0860677660159 21.46877160869502))"
4722,Shantou,Shantou locode: CNSTG FID: 4722,12/9/2019,8/23/2020,9,CNSTG,PRT,0,9,1,2,"{'type': 'Polygon', 'coordinates': [[[116.7505520902243, 23.326918449133405], [116.73532676700006, 23.338644028000033], [116.68235969500006, 23.345899582000072], [116.67666816700012, 23.34593772900007], [116.661764145, 23.343183517000057], [116.64856529200006, 23.339044571000045], [116.6490650180001, 23.337030411000057], [116.74896249425599, 23.324106057840247], [116.7505520902243, 23.326918449133405]]]}","POLYGON(( 116.7505520902243 23.326918449133405, 116.73532676700006 23.338644028000033, 116.68235969500006 23.345899582000072, 116.67666816700012 23.34593772900007, 116.661764145 23.343183517000057, 116.64856529200006 23.339044571000045, 116.6490650180001 23.337030411000057, 116.74896249425599 23.324106057840247, 116.7505520902243 23.326918449133405))"
4694,Nansha,Nansha locode: CNNSA FID: 4694,12/9/2019,8/23/2020,9,CNNSA,PRT,0,9,1,2,"{'type': 'Polygon', 'coordinates': [[[113.69391991487853, 22.607738895844648], [113.68024635300003, 22.66055870100007], [113.6663845436062, 22.690546666296992], [113.6447208776062, 22.718248998296982], [113.63537788400004, 22.712614059000032], [113.6860196768786, 22.606674594844662], [113.69391991487853, 22.607738895844648]]]}","POLYGON(( 113.69391991487853 22.607738895844648, 113.68024635300003 22.66055870100007, 113.6663845436062 22.690546666296992, 113.6447208776062 22.718248998296982, 113.63537788400004 22.712614059000032, 113.6860196768786 22.606674594844662, 113.69391991487853 22.607738895844648))"
4782,Zhuhai,Zhuhai locode: CNZUH FID: 4782,12/9/2019,8/23/2020,10,CNZUH,PRT,0,9,1,1,"{'type': 'Polygon', 'coordinates': [[[113.59673445743827, 22.251509180967854], [113.58103766712422, 22.297172994211362], [113.5715166643909, 22.294380674167144], [113.55199528657941, 22.198364471047398], [113.55160116664663, 22.187931135703753], [113.56263893380496, 22.190533544897374], [113.59024368277025, 22.228054227320875], [113.59673445743827, 22.251509180967854]]]}","POLYGON(( 113.59673445743827 22.251509180967854, 113.58103766712422 22.297172994211362, 113.5715166643909 22.294380674167144, 113.55199528657941 22.198364471047398, 113.55160116664663 22.187931135703753, 113.56263893380496 22.190533544897374, 113.59024368277025 22.228054227320875, 113.59673445743827 22.251509180967854))"
4712,Shekou,Shekou locode: CNSHK FID: 4712,12/9/2019,8/23/2020,10,CNSHK,PRT,0,9,1,1,"{'type': 'Polygon', 'coordinates': [[[113.93375206000007, 22.48053550700007], [113.91775703400003, 22.48929786700006], [113.90023231500004, 22.474760056000036], [113.88358497600007, 22.45544624300004], [113.88388633700004, 22.44641304000004], [113.88762092600007, 22.444746017000057], [113.89829063400009, 22.455850601000066], [113.89958763100003, 22.462926865000043], [113.90695762600001, 22.46920585600003], [113.91199302700011, 22.467649460000075], [113.91974067700005, 22.479986191000023], [113.93267250100007, 22.477319717000057], [113.93375206000007, 22.48053550700007]]]}","POLYGON(( 113.93375206000007 22.48053550700007, 113.91775703400003 22.48929786700006, 113.90023231500004 22.474760056000036, 113.88358497600007 22.45544624300004, 113.88388633700004 22.44641304000004, 113.88762092600007 22.444746017000057, 113.89829063400009 22.455850601000066, 113.89958763100003 22.462926865000043, 113.90695762600001 22.46920585600003, 113.91199302700011 22.467649460000075, 113.91974067700005 22.479986191000023, 113.93267250100007 22.477319717000057, 113.93375206000007 22.48053550700007))"
4623,Guangzhou,Guangzhou locode: CNCAN FID: 4623,12/9/2019,8/23/2020,10,CNCAN,PRT,0,9,1,5,"{'type': 'Polygon', 'coordinates': [[[113.484388351, 23.058614731000034], [113.48460960400007, 23.06062126200004], [113.48047065700007, 23.06257438700004], [113.42317771900002, 23.06620979300004], [113.41948509200006, 23.06289100600003], [113.41626167300001, 23.056440353000028], [113.41433525100001, 23.04902839700003], [113.40499687200008, 23.03512764000004], [113.4023532870001, 23.03328514100008], [113.39951133700004, 23.031759262000037], [113.39990425100007, 23.030912399000044], [113.484388351, 23.058614731000034]]]}","POLYGON(( 113.484388351 23.058614731000034, 113.48460960400007 23.06062126200004, 113.48047065700007 23.06257438700004, 113.42317771900002 23.06620979300004, 113.41948509200006 23.06289100600003, 113.41626167300001 23.056440353000028, 113.41433525100001 23.04902839700003, 113.40499687200008 23.03512764000004, 113.4023532870001 23.03328514100008, 113.39951133700004 23.031759262000037, 113.39990425100007 23.030912399000044, 113.484388351 23.058614731000034))"
4687,Mawan,Mawan locode: CNMWN FID: 4687,12/9/2019,8/23/2020,10,CNMWN,PRT,0,9,1,2,"{'type': 'Polygon', 'coordinates': [[[113.84928703300011, 22.499486923000063], [113.83835792500008, 22.51030159000004], [113.83539772000006, 22.50834083600006], [113.8334026340001, 22.50240135200005], [113.84209251400011, 22.493471146000047], [113.84928703300011, 22.499486923000063]]]}","POLYGON(( 113.84928703300011 22.499486923000063, 113.83835792500008 22.51030159000004, 113.83539772000006 22.50834083600006, 113.8334026340001 22.50240135200005, 113.84209251400011 22.493471146000047, 113.84928703300011 22.499486923000063))"
7161,Nansha,Nansha locode: CNNSA FID: 7161,12/9/2019,8/23/2020,9,CNNSA,PRT,0,9,1,3,"{'type': 'Polygon', 'coordinates': [[[113.55126081822846, 22.76083838386837], [113.54619591257679, 22.76572108190615], [113.48702860564582, 22.741730496245744], [113.48956105847166, 22.732175550527703], [113.52409450609674, 22.743004438552035], [113.55126081822846, 22.76083838386837]]]}","POLYGON(( 113.55126081822846 22.76083838386837, 113.54619591257679 22.76572108190615, 113.48702860564582 22.741730496245744, 113.48956105847166 22.732175550527703, 113.52409450609674 22.743004438552035, 113.55126081822846 22.76083838386837))"
4660,Quxi,Quxi locode: CNJDR FID: 4660,12/9/2019,8/23/2020,10,CNJDR,PRT,0,9,1,1,"{'type': 'Polygon', 'coordinates': [[[116.51335716200003, 23.43670463600006], [116.52254214960426, 23.452972724974465], [116.49099570422172, 23.495622578649144], [116.47576431288103, 23.482885941091446], [116.49189454261678, 23.4628365115234], [116.46783695497602, 23.45026985598859], [116.45536470474674, 23.45650737945724], [116.4523003957981, 23.44861689375645], [116.45648175347507, 23.433851221066703], [116.51335716200003, 23.43670463600006]]]}","POLYGON(( 116.51335716200003 23.43670463600006, 116.52254214960426 23.452972724974465, 116.49099570422172 23.495622578649144, 116.47576431288103 23.482885941091446, 116.49189454261678 23.4628365115234, 116.46783695497602 23.45026985598859, 116.45536470474674 23.45650737945724, 116.4523003957981 23.44861689375645, 116.45648175347507 23.433851221066703, 116.51335716200003 23.43670463600006))"
4626,Chaoyang,Chaoyang locode: CNCHY FID: 4626,12/9/2019,8/23/2020,10,CNCHY,PRT,0,9,1,1,"{'type': 'Polygon', 'coordinates': [[[116.66880226100011, 23.185224533000053], [116.66108131400006, 23.18885612500003], [116.65649223300011, 23.180490494000026], [116.66611290000003, 23.179159164000055], [116.66880226100011, 23.185224533000053]]]}","POLYGON(( 116.66880226100011 23.185224533000053, 116.66108131400006 23.18885612500003, 116.65649223300011 23.180490494000026, 116.66611290000003 23.179159164000055, 116.66880226100011 23.185224533000053))"
4781,Zhongshan,Zhongshan locode: CNZSN FID: 4781,12/9/2019,8/23/2020,10,CNZSN,PRT,0,9,1,1,"{'type': 'Polygon', 'coordinates': [[[113.62675864667399, 22.558975672061436], [113.58421897900007, 22.633394241000076], [113.57223701500004, 22.647104263000074], [113.55760974958096, 22.637621132820435], [113.58474307882564, 22.55465646930324], [113.62675864667399, 22.558975672061436]]]}","POLYGON(( 113.62675864667399 22.558975672061436, 113.58421897900007 22.633394241000076, 113.57223701500004 22.647104263000074, 113.55760974958096 22.637621132820435, 113.58474307882564 22.55465646930324, 113.62675864667399 22.558975672061436))"
4634,DaChanBay,DaChanBay locode: CNDCB FID: 4634,12/9/2019,8/23/2020,10,CNDCB,PRT,0,9,1,1,"{'type': 'Polygon', 'coordinates': [[[113.86042213400003, 22.524213791000022], [113.85592842100004, 22.542905807000068], [113.85038185100007, 22.541746140000043], [113.85570716900008, 22.523294449000048], [113.86042213400003, 22.524213791000022]]]}","POLYGON(( 113.86042213400003 22.524213791000022, 113.85592842100004 22.542905807000068, 113.85038185100007 22.541746140000043, 113.85570716900008 22.523294449000048, 113.86042213400003 22.524213791000022))"
4648,Guanghai,Guanghai locode: CNGHI FID: 4648,12/9/2019,8/23/2020,10,CNGHI,PRT,0,9,1,1,"{'type': 'Polygon', 'coordinates': [[[112.92922782900007, 21.85414695700007], [112.86346995731677, 21.913716782413275], [112.84410413815581, 21.91222026825934], [112.91029930100001, 21.843885422000028], [112.92292213400003, 21.843767166000077], [112.92922782900007, 21.85414695700007]]]}","POLYGON(( 112.92922782900007 21.85414695700007, 112.86346995731677 21.913716782413275, 112.84410413815581 21.91222026825934, 112.91029930100001 21.843885422000028, 112.92292213400003 21.843767166000077, 112.92922782900007 21.85414695700007))"
4747,Yangjiang,Yangjiang locode: CNYJI FID: 4747,12/9/2019,8/23/2020,10,CNYJI,PRT,0,9,1,1,"{'type': 'Polygon', 'coordinates': [[[111.83136177100005, 21.67866325400007], [111.81360817000007, 21.713487625000027], [111.80777168300006, 21.711610794000023], [111.82682228100003, 21.676004410000075], [111.83136177100005, 21.67866325400007]]]}","POLYGON(( 111.83136177100005 21.67866325400007, 111.81360817000007 21.713487625000027, 111.80777168300006 21.711610794000023, 111.82682228100003 21.676004410000075, 111.83136177100005 21.67866325400007))"
4751,Yantian,Yantian locode: CNYTN FID: 4751,12/9/2019,8/23/2020,10,CNYTN,PRT,0,9,1,1,"{'type': 'Polygon', 'coordinates': [[[114.28729107917417, 22.563082574111245], [114.30191612200008, 22.57302665700007], [114.27282142600006, 22.592058182000073], [114.24195289600004, 22.569135666000022], [114.2530422210001, 22.558446884000034], [114.28729107917417, 22.563082574111245]]]}","POLYGON(( 114.28729107917417 22.563082574111245, 114.30191612200008 22.57302665700007, 114.27282142600006 22.592058182000073, 114.24195289600004 22.569135666000022, 114.2530422210001 22.558446884000034, 114.28729107917417 22.563082574111245))"
7136,HongKong,HongKong locode: HKHKG FID: 7136,12/9/2019,8/23/2020,9,HKHKG,PRT,0,9,1,6,"{'type': 'Polygon', 'coordinates': [[[114.19798595862679, 22.291507185986287], [114.20627398605681, 22.292465761399882], [114.20627398605681, 22.29661951221322], [114.19741040116638, 22.295873976287396], [114.19798595862679, 22.291507185986287]]]}","POLYGON(( 114.19798595862679 22.291507185986287, 114.20627398605681 22.292465761399882, 114.20627398605681 22.29661951221322, 114.19741040116638 22.295873976287396, 114.19798595862679 22.291507185986287))"
4686,Mawan,Mawan locode: CNMWN FID: 4686,12/9/2019,8/23/2020,10,CNMWN,PRT,0,9,1,1,"{'type': 'Polygon', 'coordinates': [[[113.87237739600005, 22.475961685000073], [113.86226463300011, 22.50985527000006], [113.85851478600011, 22.508565903000033], [113.86956596400012, 22.474500656000032], [113.87237739600005, 22.475961685000073]]]}","POLYGON(( 113.87237739600005 22.475961685000073, 113.86226463300011 22.50985527000006, 113.85851478600011 22.508565903000033, 113.86956596400012 22.474500656000032, 113.87237739600005 22.475961685000073))"
4659,Huizhou,Huizhou locode: CNHUI FID: 4659,12/9/2019,8/23/2020,10,CNHUI,PRT,0,9,1,2,"{'type': 'Polygon', 'coordinates': [[[114.57551765400001, 22.691450119000024], [114.56627464300004, 22.69832038900006], [114.55005836500004, 22.697057724000047], [114.55012702900001, 22.694601059000036], [114.56272316000002, 22.69381523100003], [114.56729316700012, 22.689020157000073], [114.56734657300001, 22.686628342000063], [114.57468605000008, 22.686357498000064], [114.57551765400001, 22.691450119000024]]]}","POLYGON(( 114.57551765400001 22.691450119000024, 114.56627464300004 22.69832038900006, 114.55005836500004 22.697057724000047, 114.55012702900001 22.694601059000036, 114.56272316000002 22.69381523100003, 114.56729316700012 22.689020157000073, 114.56734657300001 22.686628342000063, 114.57468605000008 22.686357498000064, 114.57551765400001 22.691450119000024))"
4621,Guangzhou,Guangzhou locode: CNCAN FID: 4621,12/9/2019,8/23/2020,10,CNCAN,PRT,0,9,1,3,"{'type': 'Polygon', 'coordinates': [[[113.51805305500011, 23.044679642000062], [113.52336692800009, 23.050390244000027], [113.5296916960001, 23.05673027000006], [113.47693824800001, 23.090829849000045], [113.41442402011059, 23.101763611013293], [113.4128686739833, 23.09941309366897], [113.42109489400002, 23.096437454000068], [113.42724839419782, 23.094906799618087], [113.44582176200004, 23.093587875000026], [113.458406448, 23.090581894000024], [113.48613548300011, 23.07594490100007], [113.49572181700012, 23.061952591000022], [113.50483512900007, 23.055013657000075], [113.51292228700004, 23.04233360300003], [113.51805305500011, 23.044679642000062]]]}","POLYGON(( 113.51805305500011 23.044679642000062, 113.52336692800009 23.050390244000027, 113.5296916960001 23.05673027000006, 113.47693824800001 23.090829849000045, 113.41442402011059 23.101763611013293, 113.4128686739833 23.09941309366897, 113.42109489400002 23.096437454000068, 113.42724839419782 23.094906799618087, 113.44582176200004 23.093587875000026, 113.458406448 23.090581894000024, 113.48613548300011 23.07594490100007, 113.49572181700012 23.061952591000022, 113.50483512900007 23.055013657000075, 113.51292228700004 23.04233360300003, 113.51805305500011 23.044679642000062))"
7159,TaiPo(airport),TaiPo(airport) locode: HKTPO FID: 7159,12/9/2019,8/23/2020,10,HKTPO,PRT,0,9,1,1,"{'type': 'Polygon', 'coordinates': [[[113.94056788445516, 22.31424162467978], [113.94908613486935, 22.313815658387117], [113.95115814172686, 22.322334737268125], [113.9437910062335, 22.323825522609784], [113.94056788445516, 22.31424162467978]]]}","POLYGON(( 113.94056788445516 22.31424162467978, 113.94908613486935 22.313815658387117, 113.95115814172686 22.322334737268125, 113.9437910062335 22.323825522609784, 113.94056788445516 22.31424162467978))"
4670,Kuiyong,Kuiyong locode: CNKYG FID: 4670,12/9/2019,8/23/2020,10,CNKYG,PRT,0,9,1,1,"{'type': 'Polygon', 'coordinates': [[[114.38207435600009, 22.605012894000026], [114.38350868200007, 22.608057022000025], [114.39153099100008, 22.60950660700007], [114.38974189800001, 22.616762161000054], [114.37563133200001, 22.61407280000003], [114.37800025900003, 22.604902267000057], [114.38207435600009, 22.605012894000026]]]}","POLYGON(( 114.38207435600009 22.605012894000026, 114.38350868200007 22.608057022000025, 114.39153099100008 22.60950660700007, 114.38974189800001 22.616762161000054, 114.37563133200001 22.61407280000003, 114.37800025900003 22.604902267000057, 114.38207435600009 22.605012894000026))"
4998,Macau,Macau locode: MOMFM FID: 4998,12/9/2019,8/23/2020,10,MOMFM,PRT,0,9,1,1,"{'type': 'Polygon', 'coordinates': [[[113.59994697600007, 22.12845420800005], [113.58596229600005, 22.164720535000072], [113.56846046400005, 22.160429001000068], [113.56759071400006, 22.160264969000025], [113.58173942600001, 22.12430763200007], [113.59994697600007, 22.12845420800005]]]}","POLYGON(( 113.59994697600007 22.12845420800005, 113.58596229600005 22.164720535000072, 113.56846046400005 22.160429001000068, 113.56759071400006 22.160264969000025, 113.58173942600001 22.12430763200007, 113.59994697600007 22.12845420800005))"
4644,Dapeng,Dapeng locode: CNDPG FID: 4644,12/9/2019,8/23/2020,10,CNDPG,PRT,0,9,1,1,"{'type': 'Polygon', 'coordinates': [[[114.43886375400007, 22.57243537900007], [114.43056297300006, 22.59319496200004], [114.42695808400003, 22.59226799000004], [114.42890358000011, 22.586191177000046], [114.42722892800009, 22.57623863200007], [114.43000221300008, 22.569280624000044], [114.43886375400007, 22.57243537900007]]]}","POLYGON(( 114.43886375400007 22.57243537900007, 114.43056297300006 22.59319496200004, 114.42695808400003 22.59226799000004, 114.42890358000011 22.586191177000046, 114.42722892800009 22.57623863200007, 114.43000221300008 22.569280624000044, 114.43886375400007 22.57243537900007))"
7137,HongKong,HongKong locode: HKHKG FID: 7137,12/9/2019,8/23/2020,9,HKHKG,PRT,0,9,1,7,"{'type': 'Polygon', 'coordinates': [[[114.26854930327404, 22.268499404186308], [114.27211775952864, 22.27126905978605], [114.27292353997322, 22.288631420298653], [114.26831908028987, 22.28980303568418], [114.26152750225694, 22.27670168650564], [114.26854930327404, 22.268499404186308]]]}","POLYGON(( 114.26854930327404 22.268499404186308, 114.27211775952864 22.27126905978605, 114.27292353997322 22.288631420298653, 114.26831908028987 22.28980303568418, 114.26152750225694 22.27670168650564, 114.26854930327404 22.268499404186308))"
4788,HongKong,HongKong locode: HKHKG FID: 4788,12/9/2019,8/23/2020,9,HKHKG,PRT,0,9,1,4,"{'type': 'Polygon', 'coordinates': [[[114.16973304700002, 22.29327201800004], [114.16805236057137, 22.302437940974656], [114.15918998376131, 22.300759701838174], [114.14618418767958, 22.287206460844438], [114.16147377266772, 22.282889684599446], [114.16973304700002, 22.29327201800004]]]}","POLYGON(( 114.16973304700002 22.29327201800004, 114.16805236057137 22.302437940974656, 114.15918998376131 22.300759701838174, 114.14618418767958 22.287206460844438, 114.16147377266772 22.282889684599446, 114.16973304700002 22.29327201800004))"
4620,Guangzhou,Guangzhou locode: CNCAN FID: 4620,12/9/2019,8/23/2020,10,CNCAN,PRT,0,9,1,2,"{'type': 'Polygon', 'coordinates': [[[113.55126762400005, 22.971357346000048], [113.53314781200004, 23.051862717000063], [113.53178865803177, 23.05296664714884], [113.52389633184055, 23.04806047511975], [113.51844215400001, 23.041200638000078], [113.51736640900003, 23.037218094000025], [113.52168846100005, 23.025953293000043], [113.54639244100008, 22.969293594000078], [113.55126762400005, 22.971357346000048]]]}","POLYGON(( 113.55126762400005 22.971357346000048, 113.53314781200004 23.051862717000063, 113.53178865803177 23.05296664714884, 113.52389633184055 23.04806047511975, 113.51844215400001 23.041200638000078, 113.51736640900003 23.037218094000025, 113.52168846100005 23.025953293000043, 113.54639244100008 22.969293594000078, 113.55126762400005 22.971357346000048))"
4787,HongKong,HongKong locode: HKHKG FID: 4787,12/9/2019,8/23/2020,9,HKHKG,PRT,0,9,1,3,"{'type': 'Polygon', 'coordinates': [[[114.10262870800011, 22.219224930000053], [114.09847450300003, 22.219324112000038], [114.10001182600001, 22.210954666000077], [114.10392570500005, 22.21088218700004], [114.10262870800011, 22.219224930000053]]]}","POLYGON(( 114.10262870800011 22.219224930000053, 114.09847450300003 22.219324112000038, 114.10001182600001 22.210954666000077, 114.10392570500005 22.21088218700004, 114.10262870800011 22.219224930000053))"
4693,Nansha,Nansha locode: CNNSA FID: 4693,12/9/2019,8/23/2020,9,CNNSA,PRT,0,9,1,1,"{'type': 'Polygon', 'coordinates': [[[113.58946037300007, 22.797445297000024], [113.58394050600009, 22.812307358000055], [113.56609153700003, 22.827154160000077], [113.56427192700005, 22.842172623000067], [113.54927253700009, 22.863748550000025], [113.54417991600008, 22.868467331000033], [113.5242443080001, 22.877397537000036], [113.50348472600001, 22.888193130000047], [113.5192050930001, 22.836061478000033], [113.58029747, 22.795541763000074], [113.58946037300007, 22.797445297000024]]]}","POLYGON(( 113.58946037300007 22.797445297000024, 113.58394050600009 22.812307358000055, 113.56609153700003 22.827154160000077, 113.56427192700005 22.842172623000067, 113.54927253700009 22.863748550000025, 113.54417991600008 22.868467331000033, 113.5242443080001 22.877397537000036, 113.50348472600001 22.888193130000047, 113.5192050930001 22.836061478000033, 113.58029747 22.795541763000074, 113.58946037300007 22.797445297000024))"
4721,Shantou,Shantou locode: CNSTG FID: 4721,12/9/2019,8/23/2020,9,CNSTG,PRT,0,9,1,1,"{'type': 'Polygon', 'coordinates': [[[116.74645805400007, 23.34395027200003], [116.72782707200008, 23.351453781000032], [116.71541023300006, 23.35444831800004], [116.71118929586636, 23.354321743930974], [116.7113266378473, 23.35251578719851], [116.71631832196672, 23.352269372039853], [116.71666908300006, 23.350843430000054], [116.74526405300003, 23.34215736400006], [116.74645805400007, 23.34395027200003]]]}","POLYGON(( 116.74645805400007 23.34395027200003, 116.72782707200008 23.351453781000032, 116.71541023300006 23.35444831800004, 116.71118929586636 23.354321743930974, 116.7113266378473 23.35251578719851, 116.71631832196672 23.352269372039853, 116.71666908300006 23.350843430000054, 116.74526405300003 23.34215736400006, 116.74645805400007 23.34395027200003))"
4622,Guangzhou,Guangzhou locode: CNCAN FID: 4622,12/9/2019,8/23/2020,10,CNCAN,PRT,0,9,1,4,"{'type': 'Polygon', 'coordinates': [[[113.43886375400007, 23.079183578000027], [113.43824958800008, 23.089693069000077], [113.42742347700005, 23.090894699000046], [113.42118263200007, 23.090784073000066], [113.41206550600009, 23.088548660000072], [113.40643882800009, 23.086603165000042], [113.40337562600007, 23.08468818700004], [113.366044998, 23.05633354200006], [113.36071586600008, 23.056703568000046], [113.24304771400011, 23.105379105000054], [113.23652839700003, 23.101514816000076], [113.24514579800007, 23.081350327000052], [113.25051689100007, 23.072320938000075], [113.25762748700004, 23.065797806000035], [113.26600074800001, 23.066217422000022], [113.30114173900006, 23.054430008000054], [113.32133293200002, 23.05431556700006], [113.3351001740001, 23.049016953000034], [113.33975410500011, 23.04755592300006], [113.34475517300007, 23.046388626000066], [113.35600853000005, 23.04775428800008], [113.36110115100007, 23.053026199000044], [113.36780738800007, 23.049631119000026], [113.42006492600001, 23.069417953000027], [113.43886375400007, 23.079183578000027]]]}","POLYGON(( 113.43886375400007 23.079183578000027, 113.43824958800008 23.089693069000077, 113.42742347700005 23.090894699000046, 113.42118263200007 23.090784073000066, 113.41206550600009 23.088548660000072, 113.40643882800009 23.086603165000042, 113.40337562600007 23.08468818700004, 113.366044998 23.05633354200006, 113.36071586600008 23.056703568000046, 113.24304771400011 23.105379105000054, 113.23652839700003 23.101514816000076, 113.24514579800007 23.081350327000052, 113.25051689100007 23.072320938000075, 113.25762748700004 23.065797806000035, 113.26600074800001 23.066217422000022, 113.30114173900006 23.054430008000054, 113.32133293200002 23.05431556700006, 113.3351001740001 23.049016953000034, 113.33975410500011 23.04755592300006, 113.34475517300007 23.046388626000066, 113.35600853000005 23.04775428800008, 113.36110115100007 23.053026199000044, 113.36780738800007 23.049631119000026, 113.42006492600001 23.069417953000027, 113.43886375400007 23.079183578000027))"
4754,Zhelin,Zhelin locode: CNZEL FID: 4754,12/9/2019,8/23/2020,9,CNZEL,PRT,0,9,1,1,"{'type': 'Polygon', 'coordinates': [[[117.13675614401623, 23.558824539000057], [117.13183021500004, 23.567509539857358], [117.12486839300004, 23.569833755000047], [117.1037807460001, 23.56828880300003], [117.08673286400006, 23.54802513100003], [117.09039878800002, 23.544393539000055], [117.13675614401623, 23.558824539000057]]]}","POLYGON(( 117.13675614401623 23.558824539000057, 117.13183021500004 23.567509539857358, 117.12486839300004 23.569833755000047, 117.1037807460001 23.56828880300003, 117.08673286400006 23.54802513100003, 117.09039878800002 23.544393539000055, 117.13675614401623 23.558824539000057))"
7149,Dongjiatou,Dongjiatou locode: CNDJT FID: 7149,12/9/2019,8/23/2020,10,CNDJT,PRT,0,9,1,1,"{'type': 'Polygon', 'coordinates': [[[110.00145262535439, 20.272580315864623], [109.99684816567104, 20.26350965558001], [110.12531259083633, 20.2222530631511], [110.21072531796236, 20.260270005550893], [110.23720096114157, 20.266533267927347], [110.23466850831575, 20.274308000552804], [110.00145262535439, 20.272580315864623]]]}","POLYGON(( 110.00145262535439 20.272580315864623, 109.99684816567104 20.26350965558001, 110.12531259083633 20.2222530631511, 110.21072531796236 20.260270005550893, 110.23720096114157 20.266533267927347, 110.23466850831575 20.274308000552804, 110.00145262535439 20.272580315864623))"
7135,HongKong,HongKong locode: HKHKG FID: 7135,12/9/2019,8/23/2020,9,HKHKG,PRT,0,9,1,5,"{'type': 'Polygon', 'coordinates': [[[114.21577068415368, 22.30385499796652], [114.19577006240414, 22.3222515428346], [114.19183560245104, 22.316645018725858], [114.1942075165158, 22.315488072417498], [114.19688412655086, 22.318807046802778], [114.2143893462487, 22.302284123985473], [114.21577068415368, 22.30385499796652]]]}","POLYGON(( 114.21577068415368 22.30385499796652, 114.19577006240414 22.3222515428346, 114.19183560245104 22.316645018725858, 114.1942075165158 22.315488072417498, 114.19688412655086 22.318807046802778, 114.2143893462487 22.302284123985473, 114.21577068415368 22.30385499796652))"
7163,Houjie,Houjie locode: CNHOU FID: 7163,12/9/2019,8/23/2020,10,CNHOU,PRT,0,9,1,1,"{'type': 'Polygon', 'coordinates': [[[113.60904678725439, 22.95078945545701], [113.60778056084148, 22.951372450234018], [113.60536321950772, 22.94617840826821], [113.60029831385604, 22.929322899307728], [113.60277321093584, 22.92752061381081], [113.6050754407775, 22.930754108942104], [113.60674455741272, 22.93409353927167], [113.60461499480917, 22.935206664414945], [113.60904678725439, 22.95078945545701]]]}","POLYGON(( 113.60904678725439 22.95078945545701, 113.60778056084148 22.951372450234018, 113.60536321950772 22.94617840826821, 113.60029831385604 22.929322899307728, 113.60277321093584 22.92752061381081, 113.6050754407775 22.930754108942104, 113.60674455741272 22.93409353927167, 113.60461499480917 22.935206664414945, 113.60904678725439 22.95078945545701))"
4658,Huizhou,Huizhou locode: CNHUI FID: 4658,12/9/2019,8/23/2020,10,CNHUI,PRT,0,9,1,1,"{'type': 'Polygon', 'coordinates': [[[114.63659477200008, 22.735338211000055], [114.63109779400008, 22.751489639000056], [114.60429191600008, 22.741952896000043], [114.61138343800008, 22.728384018000042], [114.63659477200008, 22.735338211000055]]]}","POLYGON(( 114.63659477200008 22.735338211000055, 114.63109779400008 22.751489639000056, 114.60429191600008 22.741952896000043, 114.61138343800008 22.728384018000042, 114.63659477200008 22.735338211000055))"
4756,Zhanjiang,Zhanjiang locode: CNZHA FID: 4756,12/9/2019,8/23/2020,10,CNZHA,PRT,0,9,1,2,"{'type': 'Polygon', 'coordinates': [[[110.41826438900006, 21.289316703191474], [110.41912919296844, 21.303106308000054], [110.41320610000008, 21.319616318000044], [110.40870094300004, 21.31991767900007], [110.396362364434, 21.277704510550773], [110.40032732195002, 21.272093688727253], [110.41826438900006, 21.289316703191474]]]}","POLYGON(( 110.41826438900006 21.289316703191474, 110.41912919296844 21.303106308000054, 110.41320610000008 21.319616318000044, 110.40870094300004 21.31991767900007, 110.396362364434 21.277704510550773, 110.40032732195002 21.272093688727253, 110.41826438900006 21.289316703191474))"
4786,HongKong,HongKong locode: HKHKG FID: 4786,12/9/2019,8/23/2020,9,HKHKG,PRT,0,9,1,2,"{'type': 'Polygon', 'coordinates': [[[113.93865013100003, 22.430360794000023], [113.90965461700011, 22.422105789000057], [113.89804649400003, 22.407800674000043], [113.9130687710001, 22.368371964000062], [113.93333625800005, 22.356142044000023], [113.95067787200003, 22.357992172000024], [113.95271873500008, 22.364835739000057], [113.98391151400006, 22.37736320500005], [113.99855995200005, 22.359350204000066], [114.0043010710001, 22.36034202600007], [114.00533485400001, 22.363565445000063], [113.93865013100003, 22.430360794000023]]]}","POLYGON(( 113.93865013100003 22.430360794000023, 113.90965461700011 22.422105789000057, 113.89804649400003 22.407800674000043, 113.9130687710001 22.368371964000062, 113.93333625800005 22.356142044000023, 113.95067787200003 22.357992172000024, 113.95271873500008 22.364835739000057, 113.98391151400006 22.37736320500005, 113.99855995200005 22.359350204000066, 114.0043010710001 22.36034202600007, 114.00533485400001 22.363565445000063, 113.93865013100003 22.430360794000023))"
4651,Guangao,Guangao locode: CNGNA FID: 4651,12/9/2019,8/23/2020,10,CNGNA,PRT,0,9,1,1,"{'type': 'Polygon', 'coordinates': [[[116.7868099210001, 23.205018997000025], [116.77859687800003, 23.226228714000058], [116.77649116500004, 23.226980209000033], [116.77199745200005, 23.217687607000073], [116.78244590800011, 23.205904007000072], [116.7858333590001, 23.204217911000057], [116.7868099210001, 23.205018997000025]]]}","POLYGON(( 116.7868099210001 23.205018997000025, 116.77859687800003 23.226228714000058, 116.77649116500004 23.226980209000033, 116.77199745200005 23.217687607000073, 116.78244590800011 23.205904007000072, 116.7858333590001 23.204217911000057, 116.7868099210001 23.205018997000025))"
4638,Dongguan,Dongguan locode: CNDGG FID: 4638,12/9/2019,8/23/2020,10,CNDGG,PRT,0,9,1,1,"{'type': 'Polygon', 'coordinates': [[[113.60017967200008, 22.918344498000067], [113.59953117400005, 22.919027328000027], [113.59635353100009, 22.915983200000028], [113.58873558000005, 22.905008316000078], [113.58612251300008, 22.898923874000047], [113.58131980900009, 22.894536972000026], [113.57943534900005, 22.893671036000057], [113.5741519930001, 22.888303757000074], [113.57056236300002, 22.86715889000004], [113.57320976300002, 22.859796524000046], [113.57591056800004, 22.85436439500006], [113.57703208900011, 22.854192734000037], [113.60017967200008, 22.918344498000067]]]}","POLYGON(( 113.60017967200008 22.918344498000067, 113.59953117400005 22.919027328000027, 113.59635353100009 22.915983200000028, 113.58873558000005 22.905008316000078, 113.58612251300008 22.898923874000047, 113.58131980900009 22.894536972000026, 113.57943534900005 22.893671036000057, 113.5741519930001 22.888303757000074, 113.57056236300002 22.86715889000004, 113.57320976300002 22.859796524000046, 113.57591056800004 22.85436439500006, 113.57703208900011 22.854192734000037, 113.60017967200008 22.918344498000067))"
4666,Gujing,Gujing locode: CNGJG FID: 4666,12/9/2019,8/23/2020,10,CNGJG,PRT,0,9,1,1,"{'type': 'Polygon', 'coordinates': [[[113.07974052400004, 22.356416702000047], [113.07785987900002, 22.371236801000066], [113.07270622300007, 22.371232986000052], [113.07472801200004, 22.355504990000043], [113.07974052400004, 22.356416702000047]]]}","POLYGON(( 113.07974052400004 22.356416702000047, 113.07785987900002 22.371236801000066, 113.07270622300007 22.371232986000052, 113.07472801200004 22.355504990000043, 113.07974052400004 22.356416702000047))"
7169,Jonghai,Jonghai locode: CNHLJ FID: 7169,12/9/2019,8/23/2020,10,CNHLJ,PRT,0,9,1,1,"{'type': 'Polygon', 'coordinates': [[[116.52538205025566, 22.988043069771933], [116.55024613254574, 22.97871738160328], [116.56037594384908, 23.0007588795674], [116.5336700776857, 23.008387790522796], [116.52538205025566, 22.988043069771933]]]}","POLYGON(( 116.52538205025566 22.988043069771933, 116.55024613254574 22.97871738160328, 116.56037594384908 23.0007588795674, 116.5336700776857 23.008387790522796, 116.52538205025566 22.988043069771933))"
